Study_Hours_Per_Day,Extracurricular_Hours_Per_Day,Sleep_Hours_Per_Day,Social_Hours_Per_Day,Physical_Activity_Hours_Per_Day,GPA,Stress_Level
6.9,3.8,8.7,2.8,1.8,2.99,1
5.3,3.5,8.0,4.2,3.0,2.75,0
5.1,3.9,9.2,1.2,4.6,2.67,0
6.5,2.1,7.2,1.7,6.5,2.88,1
8.1,0.6,6.5,2.2,6.6,3.51,2
6.0,2.1,8.0,0.3,7.6,2.85,1
8.0,0.7,5.3,5.7,4.3,3.08,2
8.4,1.8,5.6,3.0,5.2,3.2,2
5.2,3.6,6.3,4.0,4.9,2.82,0
7.7,0.7,9.8,4.5,1.3,2.76,1
9.7,3.6,8.0,2.5,0.2,3.43,2
6.9,1.1,9.1,2.1,4.8,2.97,1
6.4,2.2,5.7,4.8,4.9,2.82,2
5.0,3.3,8.5,4.4,2.8,2.87,0
8.9,0.3,6.8,0.7,7.3,3.4,2
6.7,0.3,6.6,2.0,8.4,3.2,1
8.6,2.6,9.4,1.6,1.8,3.36,2
8.8,2.2,8.9,2.0,2.1,3.19,2
7.6,1.7,5.1,0.6,9.0,3.16,2
6.6,2.0,9.5,1.5,4.4,2.93,1
7.1,3.0,6.1,0.5,7.3,2.9,1
9.6,3.2,8.2,2.6,0.4,3.34,2
9.0,0.7,9.5,2.6,2.2,3.21,2
6.1,1.7,9.1,5.2,1.9,2.85,1
5.0,2.0,7.1,1.3,8.6,2.68,0
9.7,1.3,7.6,3.8,1.6,3.29,2
6.8,3.9,9.8,0.9,2.6,2.64,1
6.4,0.1,8.0,3.0,6.5,2.95,1
5.3,1.1,9.5,1.4,6.7,2.79,0
9.9,1.0,8.4,3.6,1.1,3.25,2
6.2,2.9,6.8,3.8,4.3,3.05,1
5.5,3.3,6.6,1.1,7.5,3.26,0
5.2,2.4,8.4,0.1,7.9,2.47,0
8.2,0.7,8.5,2.3,4.3,3.24,2
9.7,0.6,6.7,0.7,6.3,3.62,2
9.1,2.2,7.6,1.2,3.9,3.12,2
5.5,3.6,9.5,3.4,2.0,2.58,0
8.6,3.6,9.4,1.9,0.5,3.03,2
8.2,0.3,5.8,5.4,4.3,3.29,2
5.0,0.6,7.7,4.2,6.5,2.61,0
8.3,0.9,8.6,1.4,4.8,3.48,2
8.2,3.4,8.3,2.3,1.8,3.07,2
5.5,1.5,6.3,1.5,9.2,2.81,0
9.5,2.5,9.0,1.5,1.5,3.49,2
7.9,2.0,6.0,4.3,3.8,2.97,1
9.7,3.8,9.6,0.3,0.6,3.55,2
5.1,3.7,7.1,5.8,2.3,2.6,0
9.3,1.3,5.8,3.3,4.3,3.09,2
9.7,2.8,7.9,0.3,3.3,3.47,2
9.4,3.0,8.5,2.2,0.9,3.18,2
6.8,1.2,9.0,4.9,2.1,3.12,1
9.0,2.6,8.5,3.1,0.8,4.0,2
9.5,1.4,6.9,0.6,5.6,3.33,2
7.3,2.2,6.4,3.5,4.6,3.11,1
5.2,0.1,9.1,2.2,7.4,2.79,0
8.8,0.9,8.1,0.5,5.7,3.1,2
5.3,2.1,7.7,3.8,5.1,2.39,0
9.0,1.1,7.2,0.5,6.2,3.39,2
5.1,3.9,9.2,4.0,1.8,2.52,0
5.8,1.0,7.7,4.3,5.2,2.8,0
8.3,1.1,9.8,3.5,1.3,3.67,2
7.1,1.0,6.8,4.5,4.6,3.27,1
7.4,0.4,7.5,2.8,5.9,3.26,1
5.9,1.7,7.0,3.7,5.7,2.8,0
6.9,2.5,7.5,5.1,2.0,3.06,1
8.3,0.7,5.4,3.9,5.7,3.26,2
9.7,2.3,6.9,3.3,1.8,3.38,2
7.3,2.2,9.7,1.9,2.9,3.15,1
5.4,1.3,9.2,0.1,8.0,2.69,0
9.1,1.1,5.6,4.2,4.0,3.54,2
8.7,3.2,6.4,1.0,4.7,3.37,2
8.8,3.2,10.0,0.8,1.2,3.58,2
6.7,3.7,9.3,1.8,2.5,2.89,1
8.8,3.0,5.5,5.4,1.3,3.58,2
6.6,3.6,6.9,0.1,6.8,2.99,1
9.5,0.4,6.6,5.7,1.8,3.44,2
8.2,1.8,6.5,2.0,5.5,3.35,2
8.4,3.0,9.0,2.8,0.8,3.26,2
5.3,2.2,7.2,5.3,4.0,2.62,0
6.8,0.5,5.7,4.6,6.4,2.86,2
5.4,2.8,5.4,4.9,5.5,2.86,2
8.5,0.3,5.4,5.9,3.9,2.99,2
9.1,3.8,9.9,0.9,0.3,3.08,2
6.9,0.3,8.9,3.4,4.5,3.21,1
5.6,2.0,5.1,2.8,8.5,2.81,2
5.3,0.5,5.6,3.9,8.7,2.9,2
9.8,1.5,6.4,5.2,1.1,3.78,2
6.1,3.9,5.1,5.8,3.1,2.96,2
5.4,2.2,9.8,3.1,3.5,2.81,0
8.1,2.8,7.3,3.6,2.2,3.39,2
5.2,1.1,9.8,5.3,2.6,2.82,0
7.3,2.5,6.4,1.1,6.7,2.67,1
7.9,0.3,9.9,5.8,0.1,3.08,1
8.5,2.1,6.5,4.9,2.0,3.1,2
9.6,3.3,9.7,1.0,0.4,3.54,2
8.1,1.7,9.7,3.9,0.6,3.45,2
9.9,0.6,8.0,2.1,3.4,3.39,2
9.8,3.4,9.2,0.7,0.9,3.15,2
5.3,3.5,9.1,6.0,0.1,2.68,0
10.0,2.2,8.8,2.8,0.2,3.41,2
7.3,0.5,9.8,3.6,2.8,3.22,1
6.1,2.7,8.1,2.1,5.0,2.98,1
7.6,3.1,7.6,4.9,0.8,2.99,1
7.8,2.2,9.4,1.9,2.7,3.3,1
8.5,0.9,5.7,0.1,8.8,3.55,2
6.8,2.4,7.0,2.6,5.2,2.97,1
7.6,3.1,7.0,3.7,2.6,3.28,1
9.3,3.8,5.7,4.8,0.4,3.05,2
7.3,3.9,7.5,1.7,3.6,3.08,1
8.2,1.0,5.4,0.8,8.6,3.3,2
5.9,1.4,9.5,2.8,4.4,2.7,0
8.3,0.7,6.0,0.2,8.8,3.14,2
5.9,0.4,5.6,2.8,9.3,2.73,2
6.0,1.5,7.5,4.1,4.9,2.76,1
9.4,3.7,5.3,1.6,4.0,3.45,2
9.0,3.0,5.9,1.3,4.8,3.29,2
8.1,1.5,7.3,4.5,2.6,2.75,2
5.2,1.0,8.6,5.4,3.8,3.4,0
5.5,1.8,7.7,1.5,7.5,3.05,0
6.3,1.5,5.1,1.9,9.2,2.82,2
5.6,3.6,8.0,4.1,2.7,2.62,0
8.9,2.0,5.4,3.2,4.5,3.64,2
7.2,0.5,6.4,2.2,7.7,3.19,1
8.2,2.3,6.8,5.9,0.8,2.95,2
5.5,0.6,6.2,1.0,10.7,2.94,0
5.9,1.1,5.9,5.4,5.7,2.89,2
7.1,3.9,5.6,2.4,5.0,2.9,2
9.8,3.5,9.1,0.4,1.2,3.57,2
9.6,2.2,7.9,1.2,3.1,3.24,2
8.8,0.7,6.6,2.6,5.3,2.99,2
5.6,2.4,6.4,3.5,6.1,2.85,0
5.8,1.9,7.7,0.3,8.3,2.7,0
5.3,4.0,6.6,4.9,3.2,2.72,0
6.3,2.7,8.8,3.6,2.6,2.45,1
6.7,3.7,9.2,4.2,0.2,2.85,1
5.6,2.9,9.7,1.1,4.7,2.86,0
7.9,3.4,5.7,4.8,2.2,3.15,2
6.0,0.7,5.8,4.9,6.6,2.96,2
6.8,3.5,7.0,4.9,1.8,3.44,1
7.2,1.5,7.3,1.8,6.2,3.08,1
6.2,3.6,6.9,3.3,4.0,3.27,1
9.5,2.5,5.6,5.6,0.8,3.13,2
5.7,3.2,8.1,3.2,3.8,3.08,0
9.5,3.2,5.8,1.7,3.8,3.59,2
5.2,2.3,8.8,5.3,2.4,2.61,0
6.7,3.3,5.6,5.1,3.3,2.95,2
9.0,0.6,6.1,4.3,4.0,3.15,2
8.6,2.6,8.5,2.3,2.0,3.14,2
5.9,3.6,7.9,2.4,4.2,2.64,0
7.3,3.8,5.8,3.5,3.6,3.58,2
5.1,3.5,9.7,3.2,2.5,2.79,0
8.5,3.7,8.5,0.5,2.8,3.65,2
7.1,2.9,9.7,4.0,0.3,3.33,1
7.3,0.5,9.9,5.0,1.3,3.11,1
8.0,1.6,5.3,2.0,7.1,3.42,2
9.0,0.0,6.7,2.4,5.9,3.51,2
6.7,1.4,8.7,2.7,4.5,3.02,1
6.1,1.8,5.7,1.1,9.3,2.38,2
9.6,1.4,7.9,3.2,1.9,3.43,2
5.1,2.7,5.9,5.8,4.5,2.71,2
5.4,4.0,7.5,3.6,3.5,2.59,0
5.3,3.0,6.0,5.4,4.3,2.68,0
5.2,1.9,7.8,0.4,8.7,2.67,0
8.9,1.8,7.6,2.5,3.2,3.58,2
5.8,0.7,9.3,5.7,2.5,2.46,0
6.9,1.1,8.2,2.5,5.3,3.22,1
5.1,0.9,6.2,4.0,7.8,3.02,0
5.1,0.4,9.0,1.1,8.4,2.52,0
5.5,1.0,8.6,5.1,3.8,2.97,0
9.2,1.6,8.3,1.0,3.9,3.5,2
5.9,2.3,7.1,5.4,3.3,2.78,0
6.3,1.5,8.0,1.6,6.6,3.15,1
8.1,1.6,7.8,2.6,3.9,3.26,2
8.8,0.6,9.3,2.6,2.7,3.3,2
9.5,3.2,7.1,0.1,4.1,3.49,2
8.2,1.0,5.7,5.0,4.1,2.89,2
9.9,2.1,5.9,1.6,4.5,3.52,2
6.4,2.2,8.3,5.0,2.1,2.76,1
6.0,0.0,5.7,5.4,6.9,2.95,2
8.0,2.7,5.9,5.5,1.9,3.4,2
7.1,1.5,7.6,0.3,7.5,3.17,1
5.4,2.4,6.2,2.3,7.7,2.66,0
6.4,1.4,8.6,1.8,5.8,2.77,1
8.3,3.7,8.7,0.7,2.6,3.77,2
5.2,1.0,8.0,0.3,9.5,3.29,0
6.7,3.1,5.5,0.5,8.2,2.99,2
8.6,2.0,8.4,2.2,2.8,3.43,2
9.0,2.8,6.4,3.4,2.4,3.24,2
6.8,0.4,9.6,0.8,6.4,3.01,1
5.9,2.2,9.4,4.4,2.1,3.01,0
9.0,2.6,8.5,3.3,0.6,3.34,2
6.1,4.0,9.7,0.2,4.0,2.58,1
8.5,3.7,5.9,3.4,2.5,3.06,2
9.6,3.9,9.7,0.4,0.4,3.65,2
9.3,3.4,6.6,3.9,0.8,3.41,2
6.2,0.5,5.4,4.2,7.7,2.84,2
6.7,2.9,5.3,1.9,7.2,3.29,2
6.6,2.5,9.4,3.4,2.1,3.03,1
6.2,0.1,9.4,0.1,8.2,2.95,1
9.7,3.2,10.0,0.4,0.7,3.67,2
8.8,1.6,7.4,3.8,2.4,3.23,2
7.1,3.0,6.2,0.7,7.0,3.36,1
6.8,1.1,6.5,1.4,8.2,3.01,1
6.9,2.7,6.1,5.7,2.6,3.08,1
8.9,0.4,7.1,5.3,2.3,3.33,2
8.1,0.7,10.0,1.2,4.0,3.35,2
9.7,2.6,8.0,1.9,1.8,3.33,2
6.1,0.7,8.9,2.1,6.2,2.81,1
5.3,3.9,9.4,5.0,0.4,3.08,0
8.5,0.6,9.1,1.3,4.5,3.16,2
6.1,2.1,8.0,3.5,4.3,2.79,1
9.4,3.8,9.3,1.2,0.3,3.33,2
8.3,2.2,5.4,2.5,5.6,2.97,2
8.6,2.0,5.4,1.3,6.7,3.14,2
8.4,0.3,9.3,3.0,3.0,3.77,2
9.1,1.4,8.4,2.9,2.2,3.26,2
6.3,3.5,9.0,3.4,1.8,3.11,1
8.5,2.7,8.1,3.5,1.2,3.38,2
5.8,3.5,9.4,0.2,5.1,2.84,0
6.7,3.0,5.8,4.9,3.6,3.03,2
9.2,2.0,5.0,1.7,6.1,3.42,2
8.2,1.0,8.2,3.2,3.4,3.24,2
8.9,0.4,8.8,3.2,2.7,3.32,2
8.2,3.7,5.5,5.6,1.0,3.29,2
8.4,0.3,6.5,4.2,4.6,3.29,2
6.7,2.5,5.2,5.2,4.4,2.86,2
9.9,3.9,8.7,0.2,1.3,3.8,2
8.4,1.8,6.4,6.0,1.4,3.25,2
7.1,1.8,5.8,4.8,4.5,2.86,2
5.4,2.7,8.3,1.6,6.0,2.95,0
9.8,0.6,7.2,5.7,0.7,3.84,2
7.0,1.1,9.9,2.5,3.5,2.84,1
9.5,0.9,6.1,0.2,7.3,3.17,2
9.3,1.9,9.8,0.6,2.4,3.68,2
9.3,3.1,8.9,2.3,0.4,3.52,2
5.7,0.1,9.6,3.7,4.9,3.12,0
9.0,1.9,5.6,0.8,6.7,3.21,2
6.0,2.0,5.3,3.5,7.2,3.26,2
6.3,3.2,6.6,2.7,5.2,2.85,1
8.0,1.2,8.5,5.2,1.1,2.72,1
8.9,0.2,7.4,0.6,6.9,3.33,2
8.1,2.8,7.8,0.1,5.2,2.98,2
6.6,2.1,5.4,2.1,7.8,2.79,2
7.8,2.8,9.0,0.9,3.5,3.11,1
5.8,0.4,8.2,4.2,5.4,2.88,0
8.5,3.5,8.6,2.7,0.7,3.15,2
6.7,3.3,5.4,5.4,3.2,3.27,2
7.3,2.6,7.6,4.4,2.1,3.13,1
5.4,0.2,6.2,1.0,11.2,2.75,0
9.9,1.3,5.9,4.7,2.2,3.57,2
8.3,2.0,7.8,4.2,1.7,3.25,2
6.0,2.7,5.4,0.2,9.7,2.92,2
6.3,1.9,9.3,4.4,2.1,2.85,1
6.7,1.5,9.9,0.2,5.7,3.32,1
9.3,2.3,7.2,3.8,1.4,3.61,2
9.5,1.7,6.4,3.6,2.8,3.42,2
9.6,0.8,8.1,3.5,2.0,3.31,2
8.6,3.6,5.9,1.4,4.5,3.37,2
9.9,0.7,9.3,2.0,2.1,3.59,2
7.2,2.1,6.8,3.6,4.3,3.01,1
5.8,1.6,9.8,1.5,5.3,2.61,0
8.9,0.5,9.8,2.2,2.6,3.57,2
6.2,0.3,5.8,3.1,8.6,3.13,2
7.2,1.0,8.1,4.2,3.5,2.98,1
5.8,0.7,5.2,4.4,7.9,2.81,2
9.2,3.2,7.9,3.2,0.5,3.8,2
6.0,0.4,6.3,0.3,11.0,3.05,1
5.2,0.5,7.3,5.6,5.4,2.79,0
6.6,2.0,5.2,0.9,9.3,3.17,2
7.3,2.1,7.4,4.0,3.2,3.16,1
5.7,0.1,6.5,4.2,7.5,2.98,0
9.8,0.4,8.4,2.4,3.0,3.26,2
9.3,0.7,8.5,4.6,0.9,3.43,2
7.5,2.5,9.3,2.7,2.0,3.2,1
5.2,3.7,8.4,4.1,2.6,2.91,0
7.0,2.6,5.5,3.9,5.0,2.82,2
10.0,0.2,9.9,1.6,2.3,3.56,2
7.8,3.0,9.4,1.5,2.3,3.25,1
6.6,2.7,9.0,4.3,1.4,2.93,1
9.1,0.5,7.7,0.0,6.7,3.64,2
6.6,1.5,7.0,4.2,4.7,2.79,1
6.2,1.5,6.1,0.4,9.8,2.5,1
8.0,2.7,8.1,2.4,2.8,3.4,1
7.6,1.9,5.1,2.0,7.4,3.08,2
6.9,1.6,7.9,3.2,4.4,3.31,1
9.1,2.9,9.8,0.0,2.2,3.48,2
6.0,0.0,8.2,5.4,4.4,2.92,1
5.3,3.7,6.8,0.6,7.6,2.78,0
7.4,1.0,6.4,1.8,7.4,3.15,1
6.6,2.4,8.6,1.6,4.8,3.27,1
7.1,0.5,5.9,4.1,6.4,3.09,2
8.5,0.4,7.8,1.5,5.8,3.01,2
9.8,1.9,9.0,1.8,1.5,3.5,2
9.8,2.4,9.1,2.4,0.3,3.38,2
6.1,0.8,8.1,2.5,6.5,2.67,1
8.9,1.1,9.1,2.1,2.8,3.2,2
8.3,0.4,8.1,2.7,4.5,3.01,2
8.7,3.5,6.1,0.5,5.2,3.37,2
5.1,2.6,8.0,3.3,5.0,2.65,0
8.0,2.0,9.9,0.6,3.5,2.93,1
8.5,1.6,7.1,4.3,2.5,3.39,2
6.4,0.3,5.4,5.4,6.5,3.29,2
6.0,1.3,6.1,2.1,8.5,2.91,1
5.3,3.2,6.2,3.2,6.1,2.64,0
9.4,2.6,7.7,1.4,2.9,3.66,2
10.0,2.6,7.8,2.6,1.0,3.26,2
7.3,0.2,7.8,5.7,3.0,3.2,1
6.0,2.1,5.5,2.7,7.7,2.72,2
8.8,1.4,8.3,4.4,1.1,3.1,2
10.0,3.7,7.7,2.2,0.4,3.44,2
7.6,2.5,5.4,4.5,4.0,3.17,2
8.9,2.8,5.2,1.8,5.3,3.3,2
6.3,1.4,5.4,5.6,5.3,2.58,2
7.0,1.8,8.0,3.1,4.1,3.15,1
9.6,2.0,10.0,2.0,0.4,3.46,2
6.9,3.5,9.3,3.5,0.8,3.02,1
9.0,1.2,5.4,2.4,6.0,3.46,2
6.7,3.9,8.2,4.3,0.9,2.83,1
5.7,3.4,9.6,2.6,2.7,3.13,0
5.9,2.0,7.0,0.9,8.2,3.0,0
6.8,0.3,5.1,0.8,11.0,3.03,2
9.8,1.7,6.6,3.0,2.9,3.58,2
7.2,0.4,8.2,1.3,6.9,3.39,1
5.8,0.2,8.9,2.8,6.3,3.11,0
5.3,4.0,5.3,4.2,5.2,2.67,2
8.5,0.2,7.5,6.0,1.8,3.21,2
9.1,2.5,6.5,3.7,2.2,2.85,2
5.7,3.5,7.2,1.2,6.4,3.04,0
6.8,1.7,9.1,4.4,2.0,2.9,1
5.1,1.0,8.8,0.8,8.3,2.25,0
7.7,0.9,5.1,1.4,8.9,3.15,2
5.5,2.2,7.3,5.1,3.9,2.94,0
5.5,2.0,5.8,1.9,8.8,2.79,2
6.9,1.6,7.3,4.7,3.5,3.38,1
9.5,3.8,8.9,0.6,1.2,3.3,2
6.3,3.4,5.2,5.4,3.7,3.31,2
7.3,2.5,8.3,5.3,0.6,3.36,1
5.3,2.1,5.8,4.4,6.4,3.11,2
7.6,2.7,5.2,0.5,8.0,3.07,2
5.4,0.0,9.8,4.4,4.4,2.85,0
6.8,1.2,6.7,4.6,4.7,2.81,1
5.9,0.4,8.3,4.6,4.8,2.99,0
6.3,0.1,5.4,5.8,6.4,3.14,2
8.1,1.5,6.0,0.7,7.7,3.06,2
8.1,3.1,8.2,2.4,2.2,3.09,2
9.9,2.4,7.9,2.8,1.0,3.67,2
9.1,2.6,5.6,2.0,4.7,3.16,2
7.2,2.5,9.7,1.1,3.5,2.69,1
5.6,0.8,9.4,3.9,4.3,3.01,0
9.3,3.4,9.6,0.4,1.3,3.28,2
8.8,1.8,9.2,3.1,1.1,3.45,2
5.9,2.2,9.9,5.6,0.4,3.12,0
5.2,0.7,5.7,4.4,8.0,2.67,2
7.5,3.4,8.7,2.4,2.0,3.24,1
8.0,2.0,6.5,3.4,4.1,3.35,1
8.2,3.0,5.8,2.8,4.2,3.31,2
5.0,1.0,8.6,6.0,3.4,2.71,0
9.0,0.8,7.8,4.4,2.0,3.18,2
8.1,0.8,6.8,4.7,3.6,3.19,2
8.8,0.1,8.7,1.2,5.2,3.32,2
9.8,1.5,6.6,0.9,5.2,3.61,2
10.0,1.5,7.2,3.8,1.5,3.43,2
9.4,2.4,7.0,2.1,3.1,3.1,2
9.0,0.4,7.9,2.9,3.8,3.6,2
8.2,0.3,7.9,3.4,4.2,3.64,2
8.4,3.2,6.3,5.0,1.1,3.5,2
7.5,0.3,5.3,2.0,8.9,3.26,2
8.9,2.1,7.2,0.9,4.9,3.53,2
6.6,1.7,5.4,1.3,9.0,3.29,2
10.0,3.7,8.2,0.9,1.2,3.63,2
8.2,3.1,5.6,2.5,4.6,3.16,2
7.9,2.4,5.9,2.2,5.6,3.4,2
6.7,0.1,5.1,5.0,7.1,3.03,2
6.5,3.8,6.3,2.6,4.8,2.62,1
9.4,3.4,5.9,4.3,1.0,3.18,2
5.7,0.3,8.6,3.0,6.4,2.28,0
7.2,2.9,8.8,0.8,4.3,2.88,1
8.8,2.6,9.8,0.2,2.6,3.38,2
5.3,1.1,6.3,1.5,9.8,2.75,0
6.4,3.0,7.2,4.7,2.7,3.03,1
5.3,2.0,5.2,0.4,11.1,2.31,2
6.7,3.6,5.1,4.0,4.6,3.18,2
9.8,2.2,9.7,0.1,2.2,3.16,2
8.7,3.9,6.3,3.3,1.8,3.2,2
6.0,2.3,7.3,5.8,2.6,2.58,1
5.6,0.6,6.1,1.5,10.2,3.07,0
9.3,2.2,7.6,0.6,4.3,3.48,2
5.3,2.8,7.7,0.5,7.7,2.93,0
7.3,1.9,5.8,5.7,3.3,3.18,2
7.3,1.6,8.3,3.3,3.5,3.28,1
5.3,2.1,9.0,2.8,4.8,2.67,0
5.8,1.3,8.8,3.1,5.0,2.71,0
6.0,3.5,9.4,4.4,0.7,2.84,1
9.9,3.1,5.1,0.4,5.5,3.17,2
7.3,3.6,7.7,2.7,2.7,3.15,1
9.1,1.5,8.9,4.3,0.2,3.21,2
6.0,2.1,6.4,4.8,4.7,3.27,1
9.0,1.6,9.6,2.0,1.8,3.57,2
5.8,2.8,9.0,1.9,4.5,2.8,0
5.9,3.6,8.3,0.9,5.3,2.8,0
7.2,2.5,5.4,5.3,3.6,3.08,2
9.8,1.7,9.9,1.7,0.9,3.75,2
8.2,0.7,9.4,2.4,3.3,3.47,2
8.6,3.6,5.4,4.4,2.0,3.81,2
5.9,3.4,9.1,3.0,2.6,2.68,0
7.4,3.3,7.3,2.1,3.9,3.34,1
7.5,3.3,6.7,1.0,5.5,3.29,1
5.5,1.0,5.7,2.1,9.7,2.93,2
7.3,3.0,8.3,3.4,2.0,3.29,1
7.4,3.9,8.2,0.6,3.9,3.02,1
8.4,1.3,8.4,0.4,5.5,3.32,2
6.1,3.3,6.4,3.9,4.3,2.86,1
8.5,2.1,6.5,1.3,5.6,3.38,2
9.4,3.1,8.9,1.7,0.9,3.45,2
6.3,3.6,8.4,3.2,2.5,2.92,1
7.3,3.5,7.7,2.1,3.4,2.9,1
9.9,0.4,7.1,0.3,6.3,3.55,2
6.4,3.4,6.5,5.5,2.2,3.0,1
8.8,3.2,5.1,5.8,1.1,3.13,2
9.1,1.1,9.4,0.5,3.9,3.58,2
8.5,2.2,5.5,1.5,6.3,3.27,2
6.5,2.4,6.5,1.8,6.8,2.91,1
8.7,0.2,9.5,4.8,0.8,3.5,2
9.5,0.7,5.4,1.4,7.0,3.77,2
9.0,0.1,7.9,6.0,1.0,3.36,2
5.3,3.3,8.0,0.7,6.7,3.03,0
5.5,3.6,8.3,5.0,1.6,2.86,0
7.6,1.7,6.6,2.6,5.5,3.34,1
8.9,2.4,9.5,1.4,1.8,3.66,2
8.0,2.8,6.2,3.1,3.9,3.46,1
5.5,1.5,7.4,3.9,5.7,2.85,0
8.7,2.0,8.2,0.4,4.7,3.42,2
6.3,1.4,7.4,0.3,8.6,2.86,1
9.9,1.3,7.4,1.1,4.3,3.35,2
8.1,1.1,6.0,3.1,5.7,3.15,2
9.0,2.3,7.6,1.5,3.6,3.2,2
9.7,1.6,5.4,3.7,3.6,3.39,2
7.5,3.5,7.5,3.9,1.6,2.97,1
10.0,0.5,6.4,2.4,4.7,3.14,2
9.5,2.9,8.0,1.1,2.5,3.11,2
9.1,3.8,9.1,0.0,2.0,3.27,2
6.3,0.2,8.0,4.1,5.4,2.97,1
5.6,1.5,7.3,2.2,7.4,2.8,0
8.8,0.3,5.4,2.1,7.4,3.12,2
9.7,2.7,8.4,1.2,2.0,3.44,2
8.2,3.7,8.1,3.5,0.5,3.23,2
8.6,0.5,9.5,0.4,5.0,3.06,2
5.1,1.7,6.5,2.9,7.8,2.79,0
7.9,0.2,5.6,3.4,6.9,3.44,2
8.3,3.4,8.5,1.6,2.2,3.07,2
8.4,1.1,6.5,4.7,3.3,3.54,2
9.1,3.4,9.6,0.8,1.1,3.31,2
6.6,2.3,6.9,3.6,4.6,3.2,1
6.9,0.7,7.2,0.9,8.3,3.26,1
9.5,1.4,5.8,0.2,7.1,3.69,2
6.7,0.3,7.0,1.9,8.1,3.28,1
8.4,2.4,6.8,1.3,5.1,3.25,2
8.4,0.6,7.4,0.2,7.4,3.32,2
7.5,3.9,6.9,0.2,5.5,3.11,1
5.8,0.1,8.8,2.8,6.5,2.8,0
6.4,3.6,5.6,5.7,2.7,3.1,2
8.0,3.3,9.9,0.8,2.0,3.13,1
9.8,1.6,6.9,1.9,3.8,3.23,2
7.8,2.2,8.8,4.3,0.9,3.2,1
7.2,1.2,6.3,1.2,8.1,3.05,1
6.4,3.9,7.8,2.0,3.9,2.87,1
7.9,0.6,7.2,3.8,4.5,2.68,1
10.0,3.5,8.1,1.4,1.0,3.44,2
8.1,0.8,7.0,0.2,7.9,3.74,2
6.1,3.9,9.5,3.2,1.3,2.61,1
7.7,3.5,5.7,4.7,2.4,3.21,2
6.4,3.5,9.7,0.7,3.7,2.89,1
7.3,3.9,7.4,4.7,0.7,2.74,1
6.4,0.8,8.8,2.3,5.7,3.21,1
7.6,2.0,7.9,5.2,1.3,3.13,1
9.1,3.1,7.9,3.7,0.2,3.42,2
6.0,0.4,9.3,2.6,5.7,3.02,1
8.1,3.7,5.1,2.9,4.2,2.63,2
8.4,2.9,8.5,0.6,3.6,3.07,2
9.0,1.1,6.1,5.7,2.1,3.07,2
5.0,4.0,8.4,5.0,1.6,2.9,0
8.7,0.6,8.8,4.5,1.4,3.41,2
8.3,3.1,9.2,2.1,1.3,3.24,2
5.4,1.6,7.0,0.4,9.6,2.63,0
6.7,0.4,9.0,5.7,2.2,2.63,1
5.4,2.0,9.0,4.2,3.4,2.85,0
5.3,0.3,7.0,1.8,9.6,2.64,0
9.0,3.7,7.0,3.9,0.4,3.16,2
6.6,1.9,6.1,3.8,5.6,3.0,1
6.8,2.6,5.6,5.3,3.7,3.08,2
7.5,1.8,7.9,3.7,3.1,3.17,1
6.2,2.9,9.1,4.7,1.1,2.83,1
7.8,2.1,5.7,4.7,3.7,3.16,2
6.4,0.5,8.1,0.3,8.7,2.61,1
8.7,1.3,5.0,3.1,5.9,3.24,2
9.2,0.0,6.2,4.4,4.2,3.41,2
6.6,0.4,6.8,1.6,8.6,2.89,1
8.9,3.6,7.2,3.9,0.4,3.51,2
6.9,3.9,5.4,4.1,3.7,2.55,2
8.2,2.8,5.0,1.0,7.0,3.2,2
8.6,2.7,9.8,2.2,0.7,3.31,2
6.5,0.4,8.9,3.9,4.3,3.01,1
5.2,1.4,9.8,3.0,4.6,2.49,0
6.0,1.5,6.8,0.3,9.4,2.44,1
8.8,1.7,9.1,3.7,0.7,3.44,2
7.4,3.5,6.1,4.1,2.9,2.88,1
8.0,1.2,5.7,3.9,5.2,3.03,2
8.2,1.6,8.6,1.1,4.5,3.46,2
9.5,1.1,6.8,0.3,6.3,3.43,2
6.3,3.3,5.1,2.3,7.0,2.74,2
6.7,0.1,5.6,2.5,9.1,2.49,2
7.7,2.4,5.0,2.8,6.1,3.12,2
9.8,2.1,8.4,1.2,2.5,3.61,2
7.6,3.9,5.6,0.1,6.8,3.28,2
8.9,3.2,5.6,1.6,4.7,3.36,2
6.7,1.5,5.0,1.8,9.0,3.31,2
8.2,3.9,9.2,0.1,2.6,3.26,2
8.9,1.8,7.0,1.8,4.5,3.38,2
5.3,0.9,6.2,2.9,8.7,2.76,0
5.3,3.8,9.7,4.1,1.1,3.13,0
10.0,2.2,9.8,0.2,1.8,3.25,2
6.0,0.6,8.1,4.7,4.6,2.78,1
7.9,0.6,9.1,3.8,2.6,3.5,1
6.3,1.4,9.6,1.7,5.0,2.74,1
7.3,3.6,8.5,0.3,4.3,2.93,1
5.7,3.8,7.6,1.5,5.4,3.27,0
7.5,2.7,5.4,1.6,6.8,3.09,2
7.7,1.7,5.2,1.0,8.4,3.43,2
7.2,0.8,5.2,5.1,5.7,2.99,2
9.8,0.8,9.8,3.6,0.0,3.59,2
8.6,3.9,7.8,1.0,2.7,3.69,2
5.4,2.5,9.9,1.1,5.1,2.54,0
9.0,3.6,9.7,1.6,0.1,3.44,2
8.8,0.6,7.4,4.3,2.9,3.32,2
6.2,2.6,8.3,1.0,5.9,3.23,1
7.5,0.0,5.0,2.1,9.4,3.2,2
9.6,0.9,8.2,1.2,4.1,3.62,2
8.6,0.4,7.1,0.2,7.7,3.2,2
7.4,2.6,5.6,1.7,6.7,3.26,2
10.0,0.2,8.8,1.9,3.1,3.46,2
7.0,3.0,9.6,4.2,0.2,2.68,1
8.9,1.0,7.8,2.2,4.1,3.54,2
8.3,1.0,6.0,5.5,3.2,3.25,2
6.1,0.2,5.2,1.1,11.4,2.72,2
9.3,1.1,9.8,2.2,1.6,3.79,2
7.6,3.0,6.4,2.1,4.9,2.83,1
9.5,3.8,9.5,0.5,0.7,3.4,2
7.5,0.8,8.0,1.1,6.6,3.43,1
6.7,3.4,6.0,0.4,7.5,2.48,1
9.1,3.3,6.7,3.4,1.5,3.4,2
8.9,2.6,5.8,5.3,1.4,2.98,2
7.1,0.2,5.6,4.6,6.5,3.13,2
5.0,1.7,7.6,0.3,9.4,2.53,0
6.2,0.0,8.6,5.8,3.4,2.71,1
6.1,2.7,8.7,5.1,1.4,2.57,1
6.6,2.9,9.1,1.0,4.4,2.85,1
6.9,3.6,9.0,4.4,0.1,2.92,1
8.0,2.6,5.4,3.3,4.7,3.48,2
8.5,0.7,8.9,3.4,2.5,3.41,2
6.5,2.9,8.8,0.6,5.2,2.67,1
7.6,2.0,6.8,5.6,2.0,3.25,1
8.6,1.8,9.6,2.8,1.2,3.47,2
8.6,3.4,6.4,4.5,1.1,3.18,2
6.7,3.9,9.3,2.9,1.2,2.78,1
8.6,2.2,9.7,1.7,1.8,3.07,2
8.9,2.9,6.9,0.1,5.2,3.26,2
9.2,0.0,8.5,5.8,0.5,3.08,2
8.5,3.3,7.7,4.4,0.1,3.2,2
5.3,2.0,8.6,5.2,2.9,2.89,0
7.8,1.6,5.7,5.2,3.7,3.06,2
5.8,1.2,6.5,5.2,5.3,3.08,0
6.3,2.5,7.9,5.0,2.3,3.07,1
9.5,0.0,8.4,0.3,5.8,3.07,2
6.5,1.4,8.1,2.0,6.0,3.06,1
8.7,1.6,5.3,4.7,3.7,3.2,2
8.4,1.3,5.3,2.2,6.8,2.92,2
9.7,2.6,8.4,2.1,1.2,3.38,2
8.8,0.4,6.4,1.7,6.7,3.05,2
7.2,3.9,5.3,3.1,4.5,3.03,2
8.7,2.8,7.1,1.9,3.5,3.12,2
7.0,1.1,6.0,2.9,7.0,2.87,1
8.3,3.9,8.0,0.3,3.5,3.04,2
5.4,3.8,6.5,0.6,7.7,3.14,0
8.2,1.1,5.1,5.8,3.8,3.5,2
6.3,2.7,8.5,3.7,2.8,2.72,1
8.0,3.5,9.7,0.3,2.5,3.02,1
5.8,3.8,8.7,5.0,0.7,2.95,0
8.5,2.7,7.0,0.1,5.7,3.01,2
7.9,1.0,7.3,5.7,2.1,3.41,1
5.9,2.7,9.9,0.6,4.9,2.82,0
5.0,1.7,5.5,4.5,7.3,2.72,2
6.3,1.7,8.6,0.1,7.3,3.11,1
7.9,2.5,8.2,1.3,4.1,3.08,1
6.0,3.5,8.7,0.1,5.7,2.95,1
6.2,0.9,6.4,1.5,9.0,2.92,1
8.7,2.4,8.4,0.4,4.1,3.16,2
9.8,3.4,9.0,1.5,0.3,3.49,2
6.0,2.5,8.7,4.4,2.4,3.05,1
7.6,0.3,6.9,5.5,3.7,3.35,1
6.3,1.5,9.5,4.0,2.7,3.42,1
8.9,1.8,8.2,1.3,3.8,3.21,2
7.2,2.6,9.7,0.3,4.2,3.42,1
9.1,1.2,7.2,0.1,6.4,3.37,2
5.3,2.0,9.6,0.6,6.5,2.41,0
8.8,1.6,8.3,1.4,3.9,3.26,2
5.4,0.7,8.3,5.3,4.3,2.75,0
9.1,2.7,5.6,1.7,4.9,3.15,2
7.6,2.1,6.8,2.1,5.4,2.97,1
9.1,3.2,6.5,4.8,0.4,3.34,2
6.8,2.0,9.7,4.8,0.7,3.09,1
5.5,1.6,7.8,3.0,6.1,2.9,0
8.4,3.4,9.3,2.2,0.7,3.2,2
7.2,2.4,5.8,4.0,4.6,3.19,2
6.1,0.5,5.8,0.0,11.6,2.73,2
8.6,2.9,7.6,0.8,4.1,3.15,2
5.5,0.9,7.6,3.6,6.4,2.57,0
6.2,0.2,7.0,1.4,9.2,3.13,1
7.1,1.7,7.7,4.2,3.3,3.48,1
8.5,0.7,7.5,2.5,4.8,3.34,2
7.7,0.5,8.0,0.7,7.1,3.34,1
6.7,0.6,8.5,1.2,7.0,3.18,1
6.0,2.0,7.1,0.1,8.8,2.85,1
9.0,0.3,7.4,3.4,3.9,3.64,2
6.3,0.0,8.6,3.2,5.9,3.14,1
9.2,3.3,9.2,1.1,1.2,3.6,2
7.3,0.7,9.3,5.3,1.4,2.97,1
7.3,0.3,6.9,4.8,4.7,3.09,1
5.3,3.5,6.9,3.3,5.0,2.81,0
9.8,0.3,8.2,0.4,5.3,3.71,2
7.2,4.0,7.8,1.6,3.4,2.98,1
6.1,1.4,6.9,0.4,9.2,2.79,1
8.6,2.6,8.5,0.0,4.3,2.85,2
6.1,2.6,7.4,0.0,7.9,3.03,1
7.7,0.3,8.8,3.5,3.7,3.29,1
8.9,3.0,9.0,1.6,1.5,3.42,2
8.1,3.0,5.8,1.2,5.9,3.04,2
9.5,3.0,9.5,1.5,0.5,3.76,2
9.4,2.3,8.2,0.6,3.5,3.62,2
7.4,2.9,6.4,1.2,6.1,2.89,1
6.1,1.7,9.5,3.0,3.7,2.76,1
5.9,0.3,8.5,2.3,7.0,2.99,0
9.0,1.1,8.5,1.4,4.0,3.56,2
9.7,2.5,6.6,1.4,3.8,3.57,2
6.1,2.4,6.3,4.0,5.2,2.73,1
9.1,3.1,8.8,0.6,2.4,3.42,2
6.8,1.7,5.2,1.6,8.7,2.91,2
5.2,3.5,6.2,3.3,5.8,2.8,0
6.6,3.6,9.4,1.4,3.0,2.94,1
9.5,4.0,9.1,1.2,0.2,3.52,2
5.3,0.4,10.0,2.0,6.3,2.49,0
8.7,3.2,9.3,2.8,0.0,3.1,2
5.1,1.4,8.9,3.4,5.2,2.72,0
6.6,2.6,6.2,0.1,8.5,3.11,1
8.8,0.2,9.2,3.6,2.2,3.59,2
7.8,2.5,9.3,2.6,1.8,3.2,1
8.8,1.8,8.5,1.9,3.0,3.32,2
6.1,2.4,9.6,5.5,0.4,2.99,1
6.1,4.0,9.9,2.6,1.4,2.49,1
9.0,2.9,8.0,0.2,3.9,3.74,2
8.4,1.5,9.7,0.7,3.7,3.16,2
7.5,2.8,8.5,3.4,1.8,2.98,1
8.2,2.4,5.9,4.2,3.3,3.13,2
7.3,2.7,9.2,0.8,4.0,3.41,1
9.2,3.2,9.8,1.0,0.8,3.55,2
7.4,1.6,5.8,3.4,5.8,3.19,2
7.9,2.4,6.8,0.3,6.6,3.14,1
5.2,1.7,5.4,3.6,8.1,2.55,2
9.3,3.5,6.0,3.8,1.4,3.52,2
6.4,3.2,10.0,0.1,4.3,3.01,1
9.9,1.9,9.2,0.2,2.8,3.65,2
6.7,0.3,9.9,4.9,2.2,2.96,1
5.4,0.8,6.1,2.8,8.9,2.66,0
6.3,0.4,5.8,0.9,10.6,2.93,2
6.4,3.2,6.6,1.8,6.0,3.06,1
6.2,0.5,6.3,2.1,8.9,2.84,1
6.1,3.2,5.7,2.1,6.9,2.95,2
9.3,0.6,5.4,2.9,5.8,3.51,2
9.0,0.5,7.9,3.0,3.6,2.99,2
5.7,2.5,6.4,2.9,6.5,2.84,0
6.5,3.3,5.3,2.5,6.4,2.81,2
7.3,2.9,7.9,3.9,2.0,3.19,1
6.6,2.2,9.2,5.9,0.1,3.06,1
9.4,1.5,6.0,2.9,4.2,3.4,2
7.4,3.4,6.8,5.2,1.2,3.45,1
7.0,1.3,7.3,4.6,3.8,3.0,1
9.8,0.7,7.8,3.3,2.4,3.41,2
7.4,2.6,6.1,3.3,4.6,3.41,1
5.7,2.3,5.9,1.7,8.4,2.62,2
6.1,0.7,9.1,1.7,6.4,2.69,1
6.9,3.2,6.8,0.5,6.6,3.08,1
7.8,3.4,9.0,0.7,3.1,2.95,1
6.1,3.5,6.2,1.6,6.6,3.05,1
5.0,3.5,9.0,3.8,2.7,2.62,0
7.3,1.4,5.5,2.9,6.9,3.19,2
9.6,0.2,6.5,1.2,6.5,3.5,2
7.3,1.9,8.8,0.9,5.1,3.06,1
7.4,1.7,8.0,6.0,0.9,3.0,1
9.1,0.7,5.2,1.2,7.8,3.64,2
6.7,2.0,8.1,5.5,1.7,3.11,1
5.3,0.1,7.8,2.6,8.2,3.58,0
9.2,0.6,5.1,2.7,6.4,3.27,2
8.0,1.1,5.9,2.3,6.7,3.27,2
9.0,1.6,8.8,0.6,4.0,3.2,2
8.4,2.3,9.6,1.4,2.3,3.41,2
5.3,0.1,9.1,3.1,6.4,2.65,0
6.7,0.1,9.8,4.0,3.4,3.15,1
9.7,1.1,8.1,3.5,1.6,3.63,2
9.7,3.5,8.7,0.6,1.5,3.36,2
6.4,3.9,5.1,4.3,4.3,3.14,2
10.0,1.2,6.7,0.5,5.6,3.79,2
7.2,1.0,6.7,5.0,4.1,3.21,1
5.3,0.4,5.8,3.6,8.9,2.76,2
5.8,3.9,7.2,3.0,4.1,2.83,0
8.3,3.0,8.8,2.3,1.6,2.92,2
9.5,3.3,8.8,0.1,2.3,3.24,2
7.0,3.5,9.5,3.6,0.4,3.4,1
6.6,2.8,6.4,1.1,7.1,2.88,1
7.1,3.3,5.6,4.4,3.6,2.85,2
7.7,1.2,7.5,1.8,5.8,2.88,1
5.8,0.5,7.7,5.4,4.6,3.27,0
6.7,2.9,8.3,5.6,0.5,3.06,1
8.3,3.6,7.0,1.7,3.4,3.5,2
5.1,3.3,9.0,0.6,6.0,2.54,0
5.6,3.9,6.1,0.4,8.0,3.32,0
8.0,3.0,5.2,4.0,3.8,3.01,2
5.9,2.3,6.5,5.6,3.7,2.9,0
9.1,3.9,6.3,4.6,0.1,2.98,2
5.3,0.2,8.5,2.7,7.3,2.62,0
6.1,2.5,6.3,3.5,5.6,3.13,1
9.1,1.9,6.8,2.2,4.0,3.27,2
9.0,1.3,6.0,0.5,7.2,3.05,2
9.2,0.9,6.9,4.9,2.1,2.81,2
9.1,1.5,7.3,1.8,4.3,3.4,2
7.7,0.1,7.4,2.4,6.4,3.24,1
5.8,2.6,9.9,3.2,2.5,2.8,0
7.1,0.5,8.1,5.6,2.7,3.1,1
8.3,0.3,6.8,3.3,5.3,3.48,2
9.1,2.4,6.9,1.4,4.2,3.3,2
5.5,1.4,7.1,4.1,5.9,2.71,0
7.0,0.7,5.8,5.0,5.5,3.09,2
5.2,1.7,5.8,5.3,6.0,2.48,2
7.5,2.9,9.8,0.8,3.0,3.19,1
9.4,3.7,9.6,0.8,0.5,3.16,2
8.8,2.1,8.4,2.0,2.7,3.66,2
8.7,3.3,5.7,5.0,1.3,3.55,2
7.2,1.5,9.6,1.4,4.3,3.11,1
9.2,1.9,7.6,1.6,3.7,3.02,2
5.2,1.1,5.0,5.9,6.8,2.93,2
9.8,1.6,8.6,1.4,2.6,3.68,2
9.7,1.6,8.9,1.0,2.8,3.57,2
10.0,0.1,8.0,3.9,2.0,3.35,2
9.7,0.7,8.1,1.2,4.3,3.53,2
6.5,2.2,7.1,1.0,7.2,2.91,1
8.8,3.6,5.4,2.4,3.8,3.08,2
5.5,0.1,8.3,3.6,6.5,2.73,0
5.1,3.3,9.9,0.8,4.9,2.64,0
6.2,3.5,9.6,2.0,2.7,2.55,1
5.1,2.3,5.1,4.7,6.8,3.03,2
6.5,0.2,7.9,2.4,7.0,2.98,1
6.4,2.8,6.4,5.4,3.0,3.05,1
6.9,2.2,5.3,2.6,7.0,3.12,2
6.1,0.9,9.1,5.6,2.3,3.01,1
5.5,1.8,6.7,5.2,4.8,2.24,0
6.7,1.6,7.6,1.0,7.1,2.93,1
7.9,3.2,8.8,0.6,3.5,3.09,1
6.8,1.6,8.4,0.3,6.9,2.88,1
5.2,1.6,8.5,1.2,7.5,2.52,0
9.4,3.6,6.5,1.0,3.5,3.57,2
7.1,1.0,8.4,5.0,2.5,3.26,1
7.0,0.6,8.7,2.2,5.5,3.15,1
8.4,1.1,5.4,6.0,3.1,3.44,2
9.3,1.2,7.3,3.7,2.5,3.76,2
7.1,1.7,6.7,3.4,5.1,2.99,1
9.7,2.8,9.1,1.3,1.1,3.54,2
8.9,0.1,9.1,0.2,5.7,3.14,2
8.8,1.0,9.3,0.5,4.4,3.18,2
5.6,3.9,8.4,5.1,1.0,3.08,0
8.0,2.4,8.4,3.0,2.2,2.96,1
7.1,1.1,8.8,1.4,5.6,2.85,1
8.1,3.0,6.1,0.4,6.4,3.37,2
5.7,2.4,9.2,0.3,6.4,2.69,0
7.4,3.7,6.7,2.8,3.4,3.36,1
7.7,0.7,6.5,4.0,5.1,3.54,1
9.8,0.2,9.5,2.6,1.9,3.47,2
5.3,0.4,8.0,2.0,8.3,3.37,0
9.6,1.6,5.7,4.3,2.8,3.49,2
8.5,3.6,9.0,2.0,0.9,2.9,2
8.4,3.8,6.5,0.0,5.3,3.08,2
8.3,2.5,8.0,0.1,5.1,3.1,2
8.6,1.3,8.3,3.2,2.6,3.11,2
5.5,3.3,9.6,3.6,2.0,2.75,0
5.5,1.6,8.6,4.7,3.6,2.64,0
6.3,0.1,7.7,5.1,4.8,3.22,1
9.8,2.3,7.6,0.4,3.9,3.04,2
8.0,1.6,6.2,0.6,7.6,3.38,1
6.6,0.4,5.9,5.9,5.2,3.27,2
9.4,4.0,7.9,2.2,0.5,2.91,2
6.6,1.2,7.0,4.0,5.2,2.76,1
5.7,2.5,5.6,3.5,6.7,3.08,2
8.5,2.8,8.8,3.4,0.5,3.63,2
8.1,0.7,5.1,1.7,8.4,3.21,2
7.2,2.5,9.2,1.0,4.1,3.07,1
7.9,2.2,5.4,0.3,8.2,2.99,2
5.5,2.3,7.7,1.4,7.1,3.05,0
5.2,2.0,8.4,1.5,6.9,2.88,0
6.5,2.5,9.5,4.5,1.0,3.29,1
6.8,2.6,7.3,1.1,6.2,3.13,1
8.5,2.2,6.8,5.5,1.0,3.07,2
8.4,1.6,8.8,2.4,2.8,3.51,2
7.1,3.7,6.3,0.7,6.2,3.15,1
6.9,0.2,6.7,3.0,7.2,3.05,1
5.8,2.6,10.0,2.5,3.1,2.64,0
5.6,3.5,7.1,2.3,5.5,2.5,0
8.3,1.8,8.2,0.4,5.3,3.33,2
5.8,1.9,8.0,3.5,4.8,2.9,0
7.0,1.4,5.6,2.4,7.6,3.15,2
6.0,0.2,7.8,3.6,6.4,2.75,1
9.4,2.3,6.7,4.5,1.1,3.25,2
7.8,3.6,7.0,1.7,3.9,3.19,1
5.7,0.6,7.2,3.6,6.9,2.96,0
9.1,0.3,7.4,3.8,3.4,3.66,2
9.1,3.1,6.4,5.1,0.3,3.45,2
7.9,3.7,8.4,1.9,2.1,2.68,1
9.0,3.8,5.1,5.9,0.2,3.22,2
7.2,2.6,6.9,0.3,7.0,3.0,1
8.0,3.6,6.9,1.2,4.3,3.08,1
9.1,3.3,7.9,1.3,2.4,3.35,2
9.0,2.2,9.1,2.3,1.4,3.44,2
7.1,3.8,7.7,3.3,2.1,3.33,1
6.1,2.5,7.9,1.1,6.4,2.94,1
8.8,2.1,6.1,4.0,3.0,3.2,2
5.4,1.8,5.8,1.1,9.9,2.71,2
5.3,1.6,7.6,2.9,6.6,2.54,0
6.9,3.4,5.7,3.0,5.0,3.37,2
9.4,2.2,9.8,0.1,2.5,3.79,2
5.5,0.2,5.9,3.2,9.2,2.74,2
9.7,3.4,6.5,0.3,4.1,3.48,2
5.8,0.5,5.6,3.1,9.0,2.73,2
9.9,2.7,9.7,0.2,1.5,3.23,2
6.9,2.2,5.4,0.0,9.5,3.27,2
7.1,2.0,7.1,0.1,7.7,3.34,1
6.7,0.7,5.5,5.7,5.4,3.31,2
6.6,1.6,6.2,0.6,9.0,3.12,1
5.9,3.2,8.4,3.3,3.2,3.05,0
5.4,1.1,6.7,4.7,6.1,2.8,0
10.0,1.0,9.4,3.0,0.6,3.4,2
7.0,3.9,5.9,4.8,2.4,2.78,2
6.7,2.9,7.1,3.5,3.8,3.09,1
9.3,0.2,8.5,0.8,5.2,3.49,2
7.1,2.2,7.0,3.1,4.6,2.87,1
5.7,0.6,9.7,5.3,2.7,3.18,0
9.5,4.0,6.0,1.6,2.9,3.39,2
7.1,1.4,8.0,3.5,4.0,3.48,1
5.8,1.9,7.8,3.4,5.1,3.01,0
5.1,1.4,8.9,3.4,5.2,2.6,0
6.3,2.8,7.8,4.8,2.3,3.08,1
7.4,0.5,6.3,2.5,7.3,3.4,1
8.0,2.1,6.4,0.0,7.5,2.83,1
8.7,0.1,7.9,5.6,1.7,3.3,2
5.9,1.9,5.5,3.8,6.9,2.45,2
7.6,3.6,6.0,0.1,6.7,3.38,1
9.3,2.3,9.5,1.7,1.2,3.34,2
8.7,3.7,7.9,0.7,3.0,3.57,2
6.3,0.8,6.2,1.8,8.9,3.37,1
7.1,2.5,5.4,0.5,8.5,3.33,2
5.9,2.1,6.1,1.7,8.2,3.13,0
5.1,2.6,8.3,4.8,3.2,2.69,0
9.7,0.1,5.8,5.3,3.1,3.92,2
8.3,2.7,9.7,3.3,0.0,2.95,2
8.6,1.1,9.4,0.2,4.7,3.36,2
6.3,0.9,5.7,5.2,5.9,2.9,2
7.5,2.7,6.2,4.5,3.1,2.97,1
7.1,0.8,9.9,3.9,2.3,3.28,1
9.7,1.2,8.9,3.2,1.0,3.26,2
8.4,2.9,7.9,1.0,3.8,3.2,2
7.5,1.2,7.1,3.9,4.3,2.96,1
7.0,1.1,6.0,4.7,5.2,3.2,1
9.5,1.5,8.8,3.8,0.4,3.36,2
9.8,1.5,6.7,0.4,5.6,3.54,2
7.4,0.4,6.2,1.9,8.1,3.16,1
6.5,3.4,9.3,3.7,1.1,3.02,1
5.7,2.8,9.7,4.0,1.8,2.86,0
8.2,2.0,5.6,1.9,6.3,2.81,2
9.0,3.4,5.7,5.6,0.3,3.59,2
8.8,3.2,9.7,0.7,1.6,3.07,2
9.3,0.5,8.5,4.2,1.5,3.17,2
9.4,0.7,5.3,4.3,4.3,3.57,2
7.4,3.4,6.9,1.0,5.3,3.15,1
5.9,2.9,7.6,3.6,4.0,3.13,0
7.3,3.3,9.1,3.1,1.2,3.34,1
6.8,3.5,8.6,0.6,4.5,3.23,1
7.0,3.5,5.2,5.8,2.5,3.26,2
6.4,1.0,9.7,1.8,5.1,3.25,1
8.9,1.6,5.7,0.1,7.7,3.42,2
6.8,1.4,6.7,3.1,6.0,3.03,1
7.2,3.5,7.5,2.9,2.9,3.04,1
8.3,2.4,7.1,2.5,3.7,3.22,2
8.9,0.8,9.1,3.4,1.8,3.1,2
6.3,3.0,7.6,1.9,5.2,2.48,1
8.0,4.0,7.2,4.4,0.4,3.11,1
6.0,1.7,6.1,0.0,10.2,2.87,1
9.6,3.4,8.7,0.4,1.9,3.5,2
7.2,0.5,7.6,2.1,6.6,3.11,1
6.9,2.5,8.6,0.7,5.3,3.29,1
6.7,1.8,8.4,3.1,4.0,2.92,1
9.3,3.5,5.0,4.7,1.5,3.45,2
7.4,3.9,8.8,1.0,2.9,3.11,1
7.7,4.0,9.3,0.3,2.7,2.96,1
5.0,1.6,6.2,4.9,6.3,3.01,0
6.7,3.3,5.0,1.8,7.2,2.85,2
5.3,0.7,7.8,1.7,8.5,2.64,0
7.1,1.5,9.4,5.4,0.6,2.65,1
5.5,3.8,5.3,1.8,7.6,2.81,2
6.5,1.3,5.8,4.7,5.7,3.04,2
5.6,0.3,9.5,1.1,7.5,2.66,0
9.1,2.2,5.4,5.7,1.6,3.48,2
5.8,3.4,5.1,3.1,6.6,2.79,2
8.8,3.7,9.5,1.6,0.4,3.29,2
6.4,1.2,6.9,2.4,7.1,3.0,1
7.7,0.6,8.5,1.0,6.2,3.16,1
9.0,3.0,8.2,0.6,3.2,2.96,2
7.7,0.3,6.9,2.5,6.6,3.08,1
5.9,1.6,9.7,0.8,6.0,2.86,0
8.8,0.4,9.9,1.9,3.0,3.19,2
8.1,0.8,5.7,5.6,3.8,3.45,2
9.6,3.5,8.1,2.3,0.5,3.4,2
6.6,2.5,6.8,0.9,7.2,2.88,1
8.0,3.3,6.9,0.8,5.0,3.08,1
6.5,2.6,8.0,4.2,2.7,2.83,1
6.8,3.3,6.0,2.8,5.1,2.92,1
5.5,3.5,6.7,4.1,4.2,2.92,0
5.1,2.8,6.6,0.3,9.2,2.49,0
6.9,0.3,5.7,1.8,9.3,3.15,2
5.4,3.6,5.0,2.9,7.1,2.74,2
9.6,0.6,9.8,0.8,3.2,3.29,2
8.7,2.2,9.4,2.0,1.7,3.03,2
5.8,3.7,6.6,2.2,5.7,2.9,0
8.8,1.4,9.8,3.0,1.0,3.51,2
5.2,1.0,7.3,1.4,9.1,2.83,0
8.7,3.7,7.1,1.5,3.0,3.29,2
7.4,1.4,9.5,3.2,2.5,3.22,1
8.8,3.2,6.7,2.3,3.0,3.24,2
9.0,3.8,8.1,2.3,0.8,3.55,2
9.0,3.4,7.0,0.2,4.4,3.68,2
7.3,3.0,6.8,3.8,3.1,2.91,1
5.9,3.0,7.7,1.2,6.2,3.09,0
7.4,0.9,9.8,4.2,1.7,2.94,1
9.8,1.7,7.4,4.6,0.5,3.84,2
6.3,1.8,5.6,1.2,9.1,2.99,2
5.0,0.2,9.9,1.5,7.4,2.94,0
7.8,0.6,8.6,3.6,3.4,3.26,1
8.7,3.1,9.9,1.3,1.0,3.55,2
5.3,3.6,5.6,2.0,7.5,2.53,2
9.1,2.4,7.0,2.6,2.9,3.28,2
9.3,0.4,8.9,4.6,0.8,3.58,2
5.9,1.7,5.8,4.2,6.4,3.32,2
6.0,0.8,5.2,1.9,10.1,3.01,2
7.8,3.4,8.3,2.0,2.5,3.18,1
6.3,0.2,8.6,0.7,8.2,3.1,1
6.5,2.1,7.8,3.6,4.0,2.9,1
8.1,3.9,8.6,3.1,0.3,2.99,2
8.8,2.4,6.0,4.0,2.8,3.59,2
7.4,2.1,6.7,3.1,4.7,3.44,1
6.0,3.2,5.9,0.5,8.4,3.28,2
7.2,1.1,7.8,2.1,5.8,2.93,1
9.7,3.7,7.5,1.0,2.1,3.04,2
9.6,0.0,7.8,4.4,2.2,3.38,2
7.4,0.3,9.9,3.1,3.3,2.84,1
7.4,1.7,5.4,0.6,8.9,3.23,2
9.2,1.0,6.0,3.0,4.8,3.18,2
5.2,0.2,9.2,0.7,8.7,2.82,0
5.2,1.8,9.2,1.6,6.2,2.68,0
7.2,2.3,7.9,2.0,4.6,3.06,1
6.6,0.4,6.8,0.6,9.6,3.31,1
6.4,2.5,7.3,2.9,4.9,3.12,1
8.8,1.1,6.6,5.5,2.0,3.32,2
9.6,2.4,7.7,1.1,3.2,3.3,2
6.7,3.4,7.8,3.1,3.0,2.98,1
8.0,0.3,8.4,5.6,1.7,3.28,1
7.9,0.5,7.9,4.6,3.1,3.38,1
8.2,3.6,8.1,0.5,3.6,3.18,2
6.5,0.8,9.5,4.6,2.6,2.74,1
5.9,3.0,7.4,1.4,6.3,3.1,0
8.1,0.2,6.6,2.8,6.3,3.14,2
6.0,3.1,7.1,3.4,4.4,2.84,1
5.1,0.1,7.2,4.9,6.7,2.94,0
6.9,3.3,5.7,5.6,2.5,3.05,2
8.8,3.8,8.4,1.1,1.9,3.3,2
6.7,2.8,8.8,5.3,0.4,3.05,1
6.0,3.2,8.7,0.4,5.7,2.6,1
6.5,3.9,8.2,3.9,1.5,2.82,1
9.9,1.5,9.0,1.6,2.0,3.44,2
9.7,0.9,6.6,4.5,2.3,3.5,2
7.0,2.4,7.2,4.5,2.9,3.0,1
5.8,1.4,7.0,0.3,9.5,2.49,0
7.9,3.5,5.8,3.6,3.2,3.01,2
8.5,1.6,7.5,0.0,6.4,3.63,2
8.5,2.6,5.2,2.2,5.5,3.26,2
7.5,3.6,8.6,2.5,1.8,3.19,1
9.0,3.5,7.3,2.0,2.2,3.43,2
8.5,0.3,9.3,2.8,3.1,3.26,2
5.3,2.2,7.1,5.3,4.1,2.9,0
7.8,0.2,9.9,3.1,3.0,3.07,1
6.5,1.9,9.3,1.8,4.5,2.92,1
6.5,3.1,7.4,1.4,5.6,2.93,1
5.8,1.3,9.7,2.1,5.1,2.87,0
5.9,3.6,7.3,4.3,2.9,2.95,0
9.9,0.2,5.5,4.3,4.1,3.32,2
5.2,0.1,8.9,0.8,9.0,2.66,0
7.3,2.4,7.1,0.2,7.0,3.17,1
7.2,2.1,7.4,2.3,5.0,3.13,1
9.4,3.6,6.7,2.6,1.7,2.81,2
6.4,3.8,5.7,3.5,4.6,3.07,2
6.4,1.1,7.0,6.0,3.5,2.98,1
5.4,0.6,7.2,3.1,7.7,2.68,0
6.3,1.3,5.4,1.8,9.2,3.1,2
9.5,0.0,9.1,5.1,0.3,3.05,2
5.5,0.6,9.8,3.2,4.9,3.2,0
8.7,4.0,6.4,2.6,2.3,3.21,2
7.7,1.6,5.8,5.9,3.0,3.15,2
8.0,0.9,7.7,4.2,3.2,3.44,1
7.6,4.0,8.1,1.6,2.7,3.02,1
6.9,1.4,7.2,4.7,3.8,3.14,1
7.4,3.2,7.9,1.9,3.6,2.99,1
6.1,2.0,6.3,0.1,9.5,3.05,1
8.2,2.0,7.2,5.8,0.8,3.45,2
5.7,2.3,9.3,3.5,3.2,2.9,0
8.6,1.5,5.5,2.7,5.7,3.49,2
6.2,3.9,9.8,1.0,3.1,2.87,1
6.7,3.6,9.8,1.7,2.2,3.06,1
8.4,1.1,8.7,0.3,5.5,2.86,2
5.2,1.5,6.8,1.9,8.6,2.38,0
6.0,1.2,9.9,2.5,4.4,2.88,1
7.2,2.3,9.9,1.1,3.5,3.31,1
8.0,0.4,8.4,0.4,6.8,3.39,1
8.0,3.0,6.1,5.0,1.9,2.9,1
5.7,3.8,5.4,1.2,7.9,2.81,2
6.7,2.5,7.7,0.8,6.3,2.81,1
6.1,1.6,8.5,1.3,6.5,2.76,1
6.8,1.6,9.9,5.4,0.3,2.89,1
5.3,1.3,6.3,3.0,8.1,2.94,0
8.9,3.4,9.2,0.9,1.6,3.11,2
5.3,2.8,5.0,2.5,8.4,3.02,2
6.6,2.8,8.8,1.8,4.0,2.87,1
7.2,2.9,8.5,5.3,0.1,3.26,1
6.1,2.6,8.0,5.5,1.8,3.01,1
7.8,1.1,7.4,2.0,5.7,3.04,1
7.9,3.6,7.8,3.0,1.7,3.05,1
6.2,2.0,6.6,1.1,8.1,2.94,1
7.5,1.3,6.3,2.8,6.1,3.21,1
5.5,3.1,9.0,4.6,1.8,2.97,0
5.6,2.6,9.2,3.5,3.1,2.72,0
7.6,0.1,8.2,0.5,7.6,3.56,1
7.2,1.2,7.7,0.8,7.1,3.28,1
5.8,0.4,5.7,5.3,6.8,3.0,2
7.6,1.9,5.5,3.9,5.1,3.17,2
8.1,0.3,5.6,0.3,9.7,3.25,2
6.3,0.5,6.3,2.3,8.6,2.97,1
9.2,2.8,5.6,4.4,2.0,3.5,2
6.4,2.6,6.7,6.0,2.3,2.78,1
9.7,0.1,8.5,4.1,1.6,3.26,2
9.2,3.9,9.9,0.1,0.9,3.48,2
8.2,0.5,8.3,5.9,1.1,3.44,2
9.6,1.8,5.2,2.2,5.2,3.55,2
7.3,0.2,7.1,2.8,6.6,3.27,1
9.6,2.6,6.6,2.7,2.5,3.37,2
6.8,2.7,8.3,4.3,1.9,2.58,1
6.3,1.3,5.6,3.9,6.9,2.97,2
9.3,3.6,7.2,1.8,2.1,3.3,2
5.4,2.7,9.1,1.5,5.3,3.04,0
9.4,1.0,7.8,1.1,4.7,3.36,2
5.5,3.6,9.1,4.4,1.4,2.44,0
7.7,0.4,8.8,3.5,3.6,3.0,1
5.9,0.8,5.9,0.3,11.1,3.11,2
5.1,0.2,7.9,4.9,5.9,2.82,0
6.6,1.4,8.0,1.6,6.4,3.23,1
8.7,2.7,6.0,2.1,4.5,3.67,2
5.6,0.5,8.4,5.2,4.3,2.86,0
5.9,0.4,9.1,3.5,5.1,2.96,0
8.1,3.1,8.5,3.6,0.7,3.12,2
8.2,1.3,9.8,0.2,4.5,3.38,2
7.9,0.7,8.6,1.1,5.7,3.18,1
9.6,0.8,5.7,4.6,3.3,3.12,2
7.5,3.6,5.7,3.9,3.3,3.01,2
8.4,2.4,8.8,1.4,3.0,3.17,2
7.2,1.6,9.9,1.5,3.8,2.89,1
7.8,1.0,9.6,1.5,4.1,2.9,1
9.5,0.4,8.3,5.3,0.5,3.56,2
8.4,1.2,5.9,1.8,6.7,3.25,2
5.5,0.6,5.5,2.5,9.9,2.74,2
5.7,2.6,6.0,0.6,9.1,2.92,0
5.8,3.7,9.1,1.9,3.5,2.97,0
8.4,2.7,8.1,1.3,3.5,3.68,2
5.2,1.8,9.5,3.4,4.1,2.88,0
8.4,3.9,9.9,1.2,0.6,3.08,2
6.2,3.2,5.5,4.7,4.4,2.89,2
8.2,1.7,7.2,1.9,5.0,3.38,2
8.8,3.7,9.7,0.3,1.5,3.39,2
6.3,0.3,6.3,5.5,5.6,3.06,1
8.2,2.9,6.3,4.3,2.3,3.21,2
8.1,0.6,9.1,1.4,4.8,3.15,2
8.3,1.6,8.0,0.6,5.5,3.4,2
10.0,0.8,6.3,4.0,2.9,3.39,2
9.8,3.7,7.5,2.4,0.6,3.35,2
6.4,3.3,6.9,0.5,6.9,2.9,1
6.7,3.9,8.1,2.2,3.1,2.89,1
5.4,0.2,5.6,3.5,9.3,2.98,2
9.6,2.0,9.2,1.4,1.8,3.64,2
5.9,1.4,8.2,0.4,8.1,3.07,0
6.8,2.1,10.0,2.4,2.7,2.96,1
9.0,2.4,9.4,1.3,1.9,3.61,2
8.0,2.5,7.1,0.9,5.5,3.13,1
6.1,2.9,6.6,3.0,5.4,3.01,1
5.8,3.8,9.3,4.4,0.7,3.16,0
5.7,0.0,5.1,3.5,9.7,2.75,2
7.3,2.1,5.0,2.5,7.1,3.0,2
8.7,0.9,9.1,3.1,2.2,3.65,2
6.1,0.9,8.1,5.0,3.9,2.61,1
9.3,2.7,7.2,2.3,2.5,3.29,2
6.0,2.5,6.8,6.0,2.7,2.5,1
7.8,3.7,9.0,1.6,1.9,2.6,1
8.6,2.3,7.5,1.1,4.5,2.97,2
9.6,1.3,9.8,1.8,1.5,3.39,2
8.2,2.2,5.6,2.3,5.7,3.28,2
7.2,3.1,6.1,1.0,6.6,2.92,1
7.0,3.7,8.6,2.0,2.7,2.88,1
9.9,2.7,6.4,2.9,2.1,3.49,2
5.5,3.9,5.9,3.9,4.8,2.99,2
8.9,2.7,8.1,3.8,0.5,3.14,2
5.4,1.3,6.2,5.9,5.2,3.1,0
8.4,0.8,6.2,1.7,6.9,3.12,2
7.1,0.9,5.1,5.3,5.6,3.05,2
6.7,0.0,8.4,5.0,3.9,3.05,1
5.7,0.6,9.0,3.7,5.0,2.88,0
6.5,1.5,8.8,4.9,2.3,2.88,1
7.0,3.8,7.0,4.6,1.6,3.24,1
9.5,0.3,9.7,3.7,0.8,3.42,2
9.0,0.8,9.0,4.4,0.8,3.37,2
5.2,0.6,7.7,3.5,7.0,2.77,0
8.2,0.1,9.8,0.3,5.6,3.37,2
8.3,3.3,5.1,3.3,4.0,3.27,2
7.3,2.0,5.4,4.1,5.2,3.41,2
7.4,0.6,8.2,1.0,6.8,3.11,1
9.4,2.5,5.8,5.8,0.5,3.25,2
8.1,1.0,9.0,4.8,1.1,3.22,2
9.9,2.0,7.3,3.6,1.2,3.51,2
7.7,0.4,7.1,5.1,3.7,2.94,1
9.3,0.4,5.5,1.6,7.2,3.29,2
8.1,1.4,8.9,1.3,4.3,3.27,2
8.2,0.9,8.6,5.2,1.1,3.03,2
7.1,0.6,8.5,4.6,3.2,3.11,1
5.5,2.0,9.1,5.6,1.8,2.95,0
7.7,1.6,9.2,2.7,2.8,3.16,1
7.4,2.0,9.2,4.5,0.9,2.77,1
7.5,2.3,6.2,4.8,3.2,2.93,1
7.4,1.3,5.5,1.4,8.4,3.09,2
5.8,1.8,6.5,0.2,9.7,2.92,0
6.6,2.2,7.8,2.1,5.3,3.09,1
6.9,1.0,6.2,2.7,7.2,3.02,1
8.8,0.8,8.5,0.1,5.8,3.61,2
6.7,2.3,6.0,4.5,4.5,2.92,1
5.3,3.4,6.0,5.2,4.1,3.06,0
6.6,3.6,5.6,1.1,7.1,2.82,2
7.5,0.3,6.0,5.7,4.5,3.11,1
9.6,2.2,6.3,4.1,1.8,3.49,2
8.3,4.0,6.3,3.6,1.8,3.36,2
7.5,1.2,5.8,1.7,7.8,3.25,2
6.9,3.0,7.7,0.5,5.9,3.17,1
8.2,3.2,7.3,1.9,3.4,3.2,2
5.5,3.5,8.9,1.0,5.1,2.3,0
8.1,3.8,7.9,2.3,1.9,3.72,2
5.7,3.3,5.8,1.8,7.4,3.04,2
6.2,1.5,6.3,2.9,7.1,2.97,1
5.3,0.6,5.3,3.8,9.0,2.79,2
5.3,3.3,7.6,3.2,4.6,2.55,0
6.0,1.3,8.0,1.3,7.4,2.95,1
5.6,3.9,5.1,4.8,4.6,2.7,2
5.7,0.6,8.5,3.9,5.3,3.05,0
8.9,3.7,8.5,0.5,2.4,3.46,2
6.0,0.3,8.5,2.4,6.8,2.81,1
9.6,2.6,5.5,5.7,0.6,3.28,2
7.0,0.2,7.5,0.7,8.6,2.81,1
7.0,1.4,8.9,4.8,1.9,2.97,1
6.9,0.6,9.0,4.2,3.3,2.83,1
6.0,1.5,5.5,3.8,7.2,2.8,2
7.9,3.6,7.8,0.8,3.9,3.45,1
6.9,3.4,8.2,3.6,1.9,3.37,1
8.8,2.4,5.8,4.8,2.2,3.38,2
8.6,0.3,7.3,1.0,6.8,3.51,2
8.1,2.7,9.2,0.9,3.1,2.78,2
5.6,3.4,5.8,5.8,3.4,2.84,2
9.9,0.4,6.5,3.8,3.4,3.73,2
6.8,3.7,5.3,3.3,4.9,3.37,2
6.3,1.5,9.2,1.2,5.8,3.15,1
9.1,2.3,8.8,2.7,1.1,3.43,2
9.3,1.7,9.8,1.4,1.8,3.12,2
5.7,1.6,9.8,1.9,5.0,2.72,0
8.6,1.2,8.9,2.3,3.0,3.24,2
7.4,3.1,6.9,2.7,3.9,2.82,1
7.6,3.2,6.8,3.1,3.3,2.87,1
8.4,1.1,6.4,5.6,2.5,3.37,2
8.2,0.1,8.1,3.1,4.5,3.56,2
7.7,1.4,5.4,1.2,8.3,3.13,2
7.3,0.2,5.2,4.3,7.0,3.21,2
7.7,2.0,6.2,4.5,3.6,3.07,1
7.3,1.1,6.2,3.9,5.5,3.0,1
8.3,3.3,7.1,0.4,4.9,3.56,2
5.0,2.1,5.2,3.4,8.3,2.9,2
9.6,3.9,7.7,1.3,1.5,3.47,2
5.3,1.9,6.2,2.8,7.8,2.87,0
7.3,2.3,6.8,1.0,6.6,3.35,1
8.3,1.4,9.7,4.2,0.4,3.25,2
6.0,0.2,8.7,5.0,4.1,3.04,1
5.1,1.0,7.3,3.8,6.8,3.24,0
7.8,3.0,6.4,3.4,3.4,3.14,1
8.8,2.8,10.0,0.7,1.7,3.16,2
7.5,1.3,7.2,5.1,2.9,3.27,1
6.0,3.5,5.3,5.3,3.9,2.97,2
6.6,1.3,7.6,5.6,2.9,2.96,1
9.3,1.6,6.0,2.5,4.6,3.31,2
6.9,3.7,8.8,2.3,2.3,3.03,1
5.3,1.0,7.2,0.9,9.6,2.85,0
9.7,3.1,6.3,2.9,2.0,3.5,2
9.4,2.1,8.9,2.0,1.6,3.43,2
7.8,0.5,5.6,3.2,6.9,3.36,2
9.8,1.9,5.3,3.3,3.7,3.93,2
9.2,4.0,7.2,1.2,2.4,3.1,2
5.2,1.4,6.3,4.1,7.0,3.12,0
9.7,1.1,9.1,0.2,3.9,3.3,2
9.7,3.1,8.3,2.4,0.5,3.47,2
8.2,3.9,8.6,3.1,0.2,3.02,2
7.6,0.5,8.0,2.9,5.0,3.15,1
8.1,0.0,6.0,2.9,7.0,3.19,2
7.1,2.9,8.0,1.8,4.2,3.17,1
7.1,0.9,9.8,0.8,5.4,3.01,1
6.1,3.1,6.0,0.5,8.3,2.9,1
7.4,0.0,5.4,4.8,6.4,3.14,2
9.3,2.7,5.3,4.7,2.0,3.41,2
9.2,3.2,7.5,1.0,3.1,3.48,2
9.9,0.6,6.1,1.3,6.1,3.63,2
9.0,0.7,5.3,6.0,3.0,3.56,2
7.8,3.6,9.6,0.0,3.0,3.09,1
5.4,1.0,8.3,5.3,4.0,3.27,0
5.9,3.2,9.8,1.4,3.7,2.71,0
7.5,0.3,7.8,3.0,5.4,3.09,1
6.7,2.1,7.9,0.1,7.2,2.78,1
8.8,2.9,6.8,0.3,5.2,3.17,2
5.9,2.3,5.8,2.1,7.9,2.66,2
8.5,2.2,6.9,2.5,3.9,3.25,2
5.4,3.5,5.4,4.2,5.5,2.81,2
9.6,1.1,6.9,3.4,3.0,3.37,2
8.3,1.6,7.4,0.3,6.4,3.29,2
6.0,3.2,7.3,1.8,5.7,3.11,1
8.7,1.1,5.6,1.5,7.1,3.24,2
9.6,2.3,7.7,2.6,1.8,3.67,2
7.6,0.5,5.6,3.2,7.1,3.04,2
9.7,1.2,9.3,2.9,0.9,3.51,2
6.0,1.5,7.5,4.4,4.6,2.8,1
5.6,1.6,7.4,3.2,6.2,2.75,0
9.0,2.8,7.8,3.1,1.3,3.43,2
7.1,0.6,8.3,3.1,4.9,2.79,1
9.5,2.3,5.4,2.7,4.1,3.67,2
8.8,3.2,7.5,4.0,0.5,3.2,2
9.5,3.6,8.4,2.1,0.4,3.11,2
5.4,3.5,6.6,1.1,7.4,2.72,0
6.3,1.3,5.7,1.8,8.9,2.65,2
7.9,1.8,6.7,4.5,3.1,3.24,1
6.7,3.0,5.8,0.8,7.7,3.09,2
6.7,3.2,6.2,0.4,7.5,2.74,1
7.8,2.1,8.3,1.4,4.4,3.31,1
9.3,1.2,8.5,0.1,4.9,3.1,2
7.7,0.3,9.0,1.3,5.7,2.9,1
8.4,3.2,7.8,3.4,1.2,3.02,2
9.0,1.2,7.9,4.4,1.5,3.62,2
6.9,1.2,7.3,4.9,3.7,3.05,1
8.3,3.6,5.5,1.4,5.2,3.4,2
8.5,3.3,9.3,1.2,1.7,3.25,2
6.2,1.2,8.9,0.5,7.2,2.76,1
9.1,1.7,8.0,0.5,4.7,3.23,2
9.8,3.2,7.3,0.8,2.9,3.42,2
9.7,1.4,5.8,3.4,3.7,3.67,2
7.4,4.0,8.4,0.3,3.9,3.15,1
10.0,1.6,6.4,3.3,2.7,3.39,2
5.0,1.8,9.2,3.4,4.6,2.7,0
10.0,1.1,6.4,1.0,5.5,3.4,2
9.0,3.6,9.9,0.3,1.2,3.19,2
9.4,1.3,5.6,5.2,2.5,3.2,2
7.1,1.1,8.7,2.7,4.4,3.15,1
9.9,0.2,6.8,2.9,4.2,3.09,2
8.6,3.5,9.7,1.8,0.4,3.3,2
9.3,2.2,9.1,1.0,2.4,3.07,2
7.3,1.1,9.8,1.8,4.0,2.91,1
5.5,2.1,5.3,0.7,10.4,2.79,2
7.2,3.2,8.7,2.1,2.8,2.78,1
6.7,1.3,8.9,0.3,6.8,2.79,1
6.2,3.7,9.3,3.4,1.4,2.92,1
7.4,2.1,9.9,4.4,0.2,3.23,1
6.0,0.9,8.4,2.4,6.3,2.79,1
9.7,0.4,7.6,5.5,0.8,3.73,2
5.8,3.9,9.6,0.8,3.9,2.57,0
5.6,0.3,9.5,1.2,7.4,2.57,0
8.0,0.3,6.1,5.6,4.0,2.76,1
9.5,3.1,5.1,2.0,4.3,3.14,2
9.5,2.5,5.4,5.5,1.1,3.59,2
9.8,0.3,7.7,1.8,4.4,3.23,2
7.9,3.8,7.5,0.4,4.4,3.11,1
8.1,1.4,9.3,2.3,2.9,3.11,2
8.8,1.1,8.8,1.1,4.2,3.22,2
6.6,1.9,9.7,5.4,0.4,2.88,1
5.7,2.0,7.3,5.4,3.6,2.62,0
9.7,1.5,7.5,4.8,0.5,3.3,2
6.1,0.8,5.2,3.9,8.0,2.56,2
6.3,0.2,6.2,4.8,6.5,2.93,1
7.1,3.9,6.0,1.3,5.7,3.3,1
6.5,0.7,6.9,5.5,4.4,2.71,1
9.7,0.2,6.1,3.4,4.6,3.81,2
8.1,0.2,7.0,3.9,4.8,3.41,2
6.6,0.4,7.1,0.8,9.1,3.27,1
9.7,1.9,6.6,4.4,1.4,3.06,2
9.1,3.5,8.4,0.1,2.9,3.36,2
7.8,3.1,5.7,1.4,6.0,3.14,2
7.2,0.0,9.1,2.2,5.5,3.41,1
7.7,2.7,8.5,4.9,0.2,2.68,1
9.8,2.6,6.5,0.6,4.5,3.62,2
9.2,1.4,8.3,2.4,2.7,3.47,2
5.3,1.7,7.7,2.6,6.7,2.54,0
8.7,3.3,8.9,0.1,3.0,3.34,2
9.7,3.3,9.2,0.5,1.3,3.18,2
7.1,1.9,5.8,0.2,9.0,3.02,2
9.6,2.3,8.3,3.5,0.3,3.41,2
6.7,2.5,5.2,1.1,8.5,3.11,2
6.8,1.5,7.7,0.0,8.0,3.15,1
6.2,0.8,6.3,4.8,5.9,2.76,1
7.5,3.5,6.2,0.5,6.3,3.0,1
6.8,3.0,7.8,4.9,1.5,2.99,1
5.2,3.9,6.9,0.9,7.1,3.28,0
8.3,1.1,7.9,3.5,3.2,3.49,2
6.3,1.8,7.7,4.0,4.2,2.91,1
8.9,1.6,8.2,0.8,4.5,3.3,2
8.6,0.1,6.0,2.9,6.4,3.42,2
9.4,2.1,9.6,1.4,1.5,3.2,2
9.0,1.0,9.5,4.1,0.4,3.34,2
9.7,2.1,8.4,3.0,0.8,3.51,2
5.2,2.0,5.8,1.1,9.9,2.58,2
6.8,1.7,8.1,0.4,7.0,2.75,1
7.9,2.5,7.8,4.3,1.5,3.19,1
6.7,3.1,7.2,2.9,4.1,3.24,1
6.5,0.3,5.5,5.5,6.2,3.28,2
8.4,0.5,6.8,3.6,4.7,3.34,2
5.0,0.8,9.8,3.7,4.7,2.69,0
6.3,0.3,5.1,1.5,10.8,2.9,2
8.6,3.7,7.0,0.9,3.8,3.48,2
7.6,3.6,9.0,0.3,3.5,3.27,1
9.5,0.5,7.7,5.3,1.0,3.78,2
7.1,1.9,5.4,1.7,7.9,3.14,2
6.4,1.8,8.4,1.0,6.4,2.93,1
7.4,3.0,9.3,2.7,1.6,2.95,1
9.7,0.5,8.9,1.3,3.6,3.53,2
9.7,2.9,8.8,0.6,2.0,3.87,2
8.8,0.4,9.8,4.5,0.5,3.12,2
6.4,3.3,7.6,2.8,3.9,3.11,1
8.6,1.6,8.1,4.0,1.7,2.94,2
8.6,0.2,9.3,2.7,3.2,3.11,2
7.4,3.5,6.9,4.5,1.7,2.95,1
5.5,1.9,10.0,4.6,2.0,2.83,0
6.2,1.6,8.9,4.6,2.7,2.63,1
6.1,3.7,8.0,2.3,3.9,3.41,1
7.8,1.9,7.5,1.1,5.7,3.18,1
9.1,2.2,5.7,4.6,2.4,3.17,2
7.6,0.5,9.7,1.1,5.1,3.07,1
6.3,1.6,6.9,4.8,4.4,2.69,1
6.3,2.0,5.7,3.7,6.3,2.91,2
7.8,2.9,9.7,3.3,0.3,3.09,1
9.5,3.9,9.3,0.1,1.2,3.28,2
9.7,1.7,5.0,2.7,4.9,3.47,2
6.7,1.9,8.1,5.2,2.1,2.88,1
8.3,1.7,9.1,4.4,0.5,3.26,2
6.4,0.2,8.3,5.2,3.9,2.75,1
5.8,3.2,9.3,5.2,0.5,2.96,0
6.6,2.2,5.3,0.3,9.6,2.94,2
8.6,1.8,6.3,1.1,6.2,3.2,2
7.4,1.4,6.6,5.8,2.8,2.87,1
8.2,0.1,7.2,5.3,3.2,3.12,2
8.8,2.4,7.9,0.3,4.6,3.26,2
5.7,2.5,6.0,3.0,6.8,2.5,0
9.7,3.4,8.6,0.2,2.1,3.53,2
5.5,2.0,5.8,5.9,4.8,2.82,2
6.8,2.6,5.6,2.6,6.4,2.77,2
6.4,3.6,5.2,5.5,3.3,2.86,2
8.9,0.1,9.8,2.7,2.5,3.51,2
6.5,1.5,5.3,5.9,4.8,3.0,2
7.2,3.8,6.2,3.2,3.6,3.02,1
7.4,2.8,5.3,1.2,7.3,3.25,2
5.9,2.3,6.1,5.2,4.5,2.72,0
9.7,2.1,6.8,1.3,4.1,3.55,2
9.7,1.6,8.5,2.1,2.1,3.87,2
7.6,1.1,7.3,2.8,5.2,3.2,1
6.6,0.2,7.5,3.3,6.4,3.02,1
5.8,3.0,9.9,5.0,0.3,2.93,0
8.5,1.8,7.7,5.1,0.9,3.23,2
7.4,1.5,7.5,3.5,4.1,3.33,1
5.5,2.4,5.6,0.5,10.0,3.11,2
7.6,1.6,7.9,0.5,6.4,2.89,1
9.9,2.2,8.4,1.1,2.4,3.43,2
5.5,3.9,6.4,2.5,5.7,2.8,0
9.1,2.1,6.4,0.4,6.0,3.37,2
5.8,3.6,8.4,1.5,4.7,2.91,0
7.9,1.6,6.8,1.3,6.4,3.1,1
8.3,3.9,5.9,3.5,2.4,2.95,2
6.3,3.3,7.4,3.3,3.7,2.52,1
6.5,0.7,5.4,4.3,7.1,3.1,2
7.0,1.7,7.3,2.2,5.8,2.85,1
5.5,1.2,8.3,4.0,5.0,2.76,0
6.0,0.8,5.1,5.4,6.7,2.54,2
6.1,0.9,6.4,0.8,9.8,2.79,1
5.7,2.6,6.7,4.2,4.8,2.9,0
7.8,1.0,8.3,0.7,6.2,2.69,1
6.3,2.4,9.4,5.9,0.0,3.22,1
8.0,1.6,6.1,1.5,6.8,2.75,1
9.6,1.5,6.9,2.3,3.7,3.37,2
9.2,2.6,8.1,1.4,2.7,3.39,2
7.0,2.0,8.3,0.1,6.6,3.27,1
9.4,1.8,6.7,0.8,5.3,3.37,2
7.0,2.7,7.1,5.8,1.4,2.47,1
8.0,3.2,5.5,2.4,4.9,3.36,2
9.3,0.3,5.4,5.1,3.9,3.02,2
6.1,2.7,7.7,5.0,2.5,3.04,1
7.1,1.3,8.0,5.6,2.0,3.08,1
9.2,4.0,5.1,0.6,5.1,3.62,2
6.4,1.0,8.9,0.3,7.4,3.04,1
6.8,2.0,7.8,4.4,3.0,3.27,1
7.9,2.2,8.2,1.5,4.2,2.87,1
5.4,0.5,6.1,3.0,9.0,2.91,0
8.9,1.4,7.0,2.4,4.3,3.5,2
6.0,0.2,8.0,5.9,3.9,2.76,1
9.1,2.8,9.7,1.0,1.4,3.53,2
8.3,1.9,8.2,2.5,3.1,3.25,2
7.6,3.2,8.7,3.0,1.5,2.86,1
5.6,2.9,7.5,5.4,2.6,2.98,0
5.7,3.0,5.0,1.0,9.3,2.42,2
7.9,2.9,9.6,2.5,1.1,2.99,1
5.0,0.5,7.7,4.1,6.7,3.07,0
7.1,2.9,7.6,0.4,6.0,3.15,1
8.6,3.6,5.6,5.9,0.3,3.21,2
6.0,0.0,10.0,1.7,6.3,2.7,1
7.9,3.6,6.6,4.0,1.9,3.29,1
5.9,2.5,6.7,1.3,7.6,2.7,0
9.5,1.6,6.2,2.7,4.0,3.32,2
6.6,3.0,9.9,2.0,2.5,3.03,1
5.8,2.8,7.6,3.9,3.9,3.09,0
9.4,1.8,9.5,2.5,0.8,3.91,2
6.6,3.9,8.3,0.2,5.0,2.93,1
6.6,2.5,5.3,0.1,9.5,2.6,2
7.2,1.1,5.8,4.1,5.8,2.96,2
7.6,0.8,6.6,3.6,5.4,3.3,1
8.6,2.7,7.4,3.4,1.9,3.45,2
5.2,2.5,8.9,3.0,4.4,2.51,0
8.2,2.8,9.4,1.2,2.4,3.06,2
8.8,2.2,9.4,1.9,1.7,3.85,2
8.7,3.9,5.4,0.3,5.7,3.42,2
9.7,2.1,8.1,2.0,2.1,3.49,2
8.7,1.2,6.5,5.0,2.6,3.25,2
5.4,3.5,6.3,3.6,5.2,2.85,0
7.1,2.8,6.7,1.7,5.7,3.16,1
10.0,3.0,8.2,1.0,1.8,3.81,2
7.7,3.4,5.2,2.2,5.5,3.22,2
6.2,1.8,5.4,5.7,4.9,2.98,2
7.8,3.7,5.0,4.5,3.0,3.16,2
9.5,0.6,5.5,2.5,5.9,3.44,2
7.6,0.6,5.0,4.9,5.9,3.29,2
5.4,2.5,9.6,1.3,5.2,2.69,0
8.0,0.7,8.7,1.8,4.8,3.25,1
7.3,2.4,5.9,4.4,4.0,3.3,2
5.8,2.8,5.6,2.6,7.2,2.62,2
6.2,3.0,6.3,5.3,3.2,2.91,1
8.1,0.4,7.0,4.3,4.2,3.24,2
8.3,2.5,6.4,2.3,4.5,3.31,2
7.5,2.8,6.2,1.9,5.6,3.02,1
6.7,0.1,6.7,4.8,5.7,3.01,1
7.3,0.1,9.4,0.1,7.1,3.29,1
9.7,2.0,6.7,5.2,0.4,3.47,2
7.7,0.9,7.1,3.9,4.4,3.08,1
8.6,0.0,9.7,0.9,4.8,3.14,2
5.2,0.5,9.9,1.9,6.5,2.61,0
5.6,0.4,8.6,5.1,4.3,2.81,0
6.1,2.1,6.3,5.6,3.9,2.73,1
9.5,2.3,6.8,2.1,3.3,3.74,2
7.3,3.4,9.7,1.2,2.4,2.97,1
7.8,0.4,6.0,2.5,7.3,3.24,1
5.8,1.8,8.0,4.2,4.2,2.82,0
6.9,3.5,7.8,2.5,3.3,3.02,1
9.1,2.5,9.2,1.6,1.6,3.22,2
5.6,0.1,6.5,4.2,7.6,2.71,0
7.5,1.7,7.1,1.4,6.3,3.32,1
5.7,0.8,5.3,1.2,11.0,2.74,2
6.8,0.0,9.2,0.2,7.8,2.8,1
9.7,3.6,7.7,1.6,1.4,3.22,2
8.2,0.2,5.3,2.7,7.6,3.55,2
7.7,3.6,5.5,4.9,2.3,3.06,2
6.6,1.6,5.8,3.0,7.0,2.73,2
9.0,1.8,7.5,4.8,0.9,3.33,2
6.3,3.5,7.9,1.3,5.0,3.32,1
6.3,3.2,5.2,6.0,3.3,3.0,2
7.0,2.0,9.4,2.3,3.3,2.98,1
7.7,0.2,5.0,1.5,9.6,3.0,2
5.6,1.6,8.2,4.3,4.3,2.91,0
5.9,0.3,9.7,1.6,6.5,2.76,0
9.1,3.1,8.0,1.3,2.5,3.46,2
6.3,0.5,7.5,3.5,6.2,2.87,1
6.8,2.6,9.5,0.8,4.3,2.58,1
6.9,0.6,8.1,4.4,4.0,3.0,1
9.8,0.3,8.0,0.3,5.6,3.53,2
9.5,2.1,8.3,3.4,0.7,3.35,2
5.6,1.9,8.0,0.2,8.3,2.99,0
6.4,0.1,7.1,5.4,5.0,2.72,1
9.6,3.0,8.7,1.9,0.8,3.45,2
6.0,0.8,8.4,1.3,7.5,3.19,1
8.9,1.8,9.0,3.6,0.7,3.27,2
8.3,0.9,6.4,1.9,6.5,3.18,2
6.0,1.8,9.5,0.6,6.1,2.78,1
8.6,2.7,5.5,5.5,1.7,2.9,2
8.8,1.0,8.5,0.2,5.5,3.52,2
9.2,1.8,8.2,1.1,3.7,3.6,2
7.4,2.5,7.3,5.4,1.4,3.25,1
7.5,3.4,9.0,1.7,2.4,3.03,1
9.1,0.9,7.6,4.8,1.6,3.08,2
6.8,2.6,6.2,0.7,7.7,3.0,1
6.4,3.4,6.7,5.8,1.7,2.98,1
9.9,1.1,5.2,4.2,3.6,3.3,2
8.5,0.1,9.4,0.8,5.2,3.25,2
5.6,0.7,9.8,4.2,3.7,2.75,0
6.7,0.9,7.4,3.3,5.7,3.26,1
8.2,1.0,9.7,0.9,4.2,2.81,2
7.2,2.3,7.2,2.5,4.8,3.03,1
8.7,2.7,9.2,0.8,2.6,3.58,2
6.8,1.9,6.6,0.9,7.8,3.38,1
6.1,0.4,8.4,4.0,5.1,2.88,1
7.9,3.9,7.7,4.1,0.4,3.4,1
5.4,0.8,7.2,3.5,7.1,2.71,0
9.0,2.4,6.0,3.0,3.6,3.32,2
8.7,3.1,7.5,1.4,3.3,2.99,2
8.7,1.0,5.9,3.2,5.2,3.17,2
6.4,2.5,5.6,3.9,5.6,2.89,2
8.9,2.4,9.9,1.0,1.8,3.44,2
8.4,0.3,7.0,5.8,2.5,2.9,2
5.6,2.8,8.2,2.2,5.2,2.91,0
9.8,0.1,6.5,5.5,2.1,3.24,2
7.7,3.3,5.5,5.7,1.8,2.99,2
9.0,0.7,8.6,2.2,3.5,3.62,2
9.8,0.5,7.1,2.9,3.7,3.38,2
6.9,1.5,5.3,4.1,6.2,2.77,2
9.1,3.2,7.4,1.3,3.0,3.31,2
8.2,1.2,6.2,4.4,4.0,3.08,2
6.2,3.7,7.6,2.2,4.3,2.84,1
9.4,1.6,6.7,1.2,5.1,3.11,2
8.4,1.2,7.9,0.4,6.1,3.06,2
6.0,1.6,9.7,2.3,4.4,2.66,1
5.6,0.2,6.5,0.9,10.8,3.0,0
5.9,3.0,5.1,3.3,6.7,2.91,2
7.8,1.3,6.5,4.4,4.0,2.69,1
9.4,0.8,5.5,5.4,2.9,3.55,2
6.8,0.5,7.9,3.2,5.6,2.61,1
6.0,1.8,9.0,3.5,3.7,2.92,1
8.5,3.2,8.1,0.6,3.6,3.09,2
8.6,2.7,5.1,2.5,5.1,3.54,2
6.1,2.4,9.6,4.7,1.2,2.67,1
9.6,3.9,5.1,3.4,2.0,3.65,2
6.3,3.9,8.1,4.5,1.2,2.89,1
5.4,0.7,8.8,0.1,9.0,2.57,0
8.1,2.8,6.7,0.6,5.8,3.5,2
5.3,2.4,7.6,4.5,4.2,2.25,0
7.0,0.1,6.7,5.9,4.3,3.12,1
9.4,1.3,7.9,4.6,0.8,3.34,2
5.4,2.0,9.8,4.2,2.6,2.8,0
5.4,0.8,8.9,5.0,3.9,3.12,0
5.1,3.3,8.9,1.6,5.1,3.02,0
8.5,0.9,5.2,1.2,8.2,3.17,2
7.1,2.0,7.4,1.6,5.9,2.86,1
5.1,2.4,7.0,1.8,7.7,2.84,0
9.3,2.0,5.7,4.2,2.8,3.51,2
6.0,1.8,5.3,5.0,5.9,2.88,2
8.7,2.5,9.0,1.6,2.2,3.53,2
8.9,1.8,9.7,1.8,1.8,3.63,2
9.1,2.2,5.9,2.8,4.0,3.33,2
9.8,3.0,9.1,0.1,2.0,3.9,2
9.2,0.2,9.3,2.9,2.4,3.29,2
6.0,1.3,6.4,3.2,7.1,2.84,1
6.2,1.8,7.6,4.6,3.8,2.98,1
7.2,3.2,8.1,0.6,4.9,3.04,1
7.0,3.0,7.9,2.3,3.8,2.81,1
5.9,0.9,7.9,2.5,6.8,2.63,0
8.3,3.4,6.3,2.9,3.1,3.26,2
9.9,1.3,8.0,0.4,4.4,3.33,2
9.8,2.9,8.9,1.7,0.7,3.51,2
7.9,1.8,9.3,4.8,0.2,3.34,1
7.9,2.2,7.3,1.3,5.3,3.18,1
5.0,1.0,7.5,2.3,8.2,2.82,0
6.8,1.8,5.7,0.3,9.4,3.01,2
8.9,2.3,8.8,0.6,3.4,3.02,2
6.1,0.0,5.7,1.9,10.3,3.01,2
5.6,3.9,6.5,0.8,7.2,2.92,0
5.3,3.4,9.8,1.4,4.1,2.53,0
7.3,0.1,8.2,2.5,5.9,2.92,1
8.3,1.7,5.9,4.1,4.0,3.11,2
7.8,3.4,5.6,4.7,2.5,3.02,2
8.5,1.8,9.7,0.6,3.4,3.34,2
8.2,1.5,9.8,1.5,3.0,3.4,2
10.0,1.0,7.2,3.0,2.8,3.37,2
6.5,0.1,6.1,1.7,9.6,2.72,1
9.4,2.8,5.4,3.9,2.5,3.37,2
8.3,3.8,5.0,1.5,5.4,3.43,2
5.5,2.1,6.2,1.1,9.1,2.98,0
9.1,0.5,7.3,5.6,1.5,3.37,2
5.9,1.3,7.1,1.9,7.8,2.91,0
6.4,3.9,5.8,4.4,3.5,2.91,2
5.9,2.6,8.6,4.1,2.8,2.98,0
6.6,1.0,9.8,5.5,1.1,3.23,1
7.3,1.7,5.8,2.6,6.6,3.07,2
7.7,0.1,7.2,4.7,4.3,3.37,1
9.5,0.1,7.8,4.7,1.9,3.71,2
7.7,1.3,5.7,5.3,4.0,3.36,2
7.9,2.7,9.0,2.9,1.5,3.17,1
7.0,2.1,9.0,2.2,3.7,2.89,1
9.6,0.4,8.2,2.4,3.4,3.4,2
7.0,2.7,5.3,3.6,5.4,3.17,2
5.9,3.6,8.3,5.3,0.9,2.99,0
7.4,2.2,9.6,4.3,0.5,2.77,1
7.0,1.6,6.4,1.6,7.4,2.97,1
9.3,0.3,8.4,1.0,5.0,3.29,2
6.3,3.1,9.4,1.2,4.0,2.91,1
7.3,1.9,9.4,4.1,1.3,3.51,1
9.2,0.0,7.0,5.4,2.4,3.41,2
8.7,2.2,7.6,1.9,3.6,3.73,2
7.1,2.9,9.3,0.7,4.0,3.12,1
7.3,1.6,8.4,1.5,5.2,3.27,1
7.1,3.6,10.0,0.4,2.9,3.13,1
6.2,3.8,9.8,0.4,3.8,3.17,1
5.1,2.4,6.4,5.2,4.9,2.77,0
6.4,2.7,8.4,1.3,5.2,2.94,1
6.4,3.2,9.0,2.5,2.9,2.87,1
8.0,2.4,9.1,1.9,2.6,3.01,1
7.7,1.8,7.2,0.5,6.8,2.97,1
8.6,0.9,6.0,2.5,6.0,3.38,2
6.9,1.8,7.7,1.2,6.4,2.75,1
5.8,3.5,7.2,2.5,5.0,2.87,0
7.8,2.2,8.5,1.0,4.5,3.06,1
6.3,3.2,9.7,0.7,4.1,2.65,1
5.3,1.3,5.7,4.3,7.4,2.79,2
7.7,0.6,5.0,4.8,5.9,3.23,2
6.7,2.3,6.6,0.5,7.9,2.77,1
6.1,0.8,7.1,3.9,6.1,3.4,1
9.8,2.4,7.4,2.5,1.9,3.56,2
9.6,3.3,6.6,1.1,3.4,3.45,2
8.7,2.0,5.3,4.3,3.7,2.96,2
9.0,1.2,8.3,2.3,3.2,3.74,2
9.4,2.0,6.6,4.5,1.5,3.46,2
6.1,1.6,9.3,4.3,2.7,2.65,1
6.8,1.1,5.9,4.5,5.7,2.93,2
6.3,1.8,6.9,5.9,3.1,2.8,1
5.4,2.4,8.0,2.5,5.7,2.77,0
7.2,0.2,7.6,3.0,6.0,2.83,1
6.3,0.7,9.8,5.1,2.1,3.03,1
6.2,1.3,6.0,3.0,7.5,3.12,1
5.8,3.2,9.0,0.8,5.2,2.88,0
7.0,0.7,6.3,1.6,8.4,2.63,1
9.7,0.5,9.9,0.9,3.0,3.72,2
8.9,1.4,5.7,5.1,2.9,3.55,2
7.8,1.9,7.5,4.4,2.4,2.91,1
5.4,2.7,9.5,0.3,6.1,2.9,0
7.2,1.6,5.7,3.0,6.5,2.94,2
5.6,1.9,8.8,1.5,6.2,2.89,0
8.4,3.4,7.1,3.9,1.2,3.26,2
5.2,0.5,6.0,2.4,9.9,2.69,0
8.3,2.8,7.9,1.8,3.2,3.44,2
7.9,1.4,5.4,6.0,3.3,3.11,2
8.3,1.3,7.0,1.6,5.8,3.39,2
6.7,1.6,8.6,3.1,4.0,3.54,1
9.6,0.2,7.9,5.1,1.2,3.46,2
6.2,3.5,5.1,4.4,4.8,2.97,2
7.2,0.2,9.6,2.8,4.2,3.19,1
5.1,2.8,7.4,0.7,8.0,3.15,0
7.5,3.3,9.3,2.4,1.5,3.36,1
5.1,2.8,7.1,3.4,5.6,2.5,0
9.6,0.5,8.4,0.0,5.5,3.7,2
9.6,0.5,5.5,2.0,6.4,3.19,2
7.9,1.8,5.2,1.9,7.2,3.07,2
9.1,2.8,8.6,2.4,1.1,3.24,2
6.4,3.3,9.9,2.2,2.2,2.9,1
5.0,0.6,6.6,3.5,8.3,2.89,0
8.9,3.0,8.0,2.6,1.5,3.29,2
8.2,2.5,7.8,5.4,0.1,3.4,2
9.4,0.9,5.4,2.9,5.4,3.56,2
7.6,3.3,7.2,3.4,2.5,3.03,1
8.1,3.3,5.8,3.6,3.2,3.22,2
8.0,0.7,5.6,5.9,3.8,2.93,2
5.9,2.7,8.0,3.9,3.5,2.78,0
5.4,3.6,6.9,1.9,6.2,2.35,0
9.3,3.7,6.5,3.9,0.6,3.24,2
8.9,3.7,6.2,3.0,2.2,3.49,2
5.0,2.3,6.7,1.9,8.1,2.64,0
8.2,3.4,8.0,3.8,0.6,3.26,2
7.3,0.0,7.8,4.0,4.9,2.75,1
8.0,2.9,7.9,0.3,4.9,3.25,1
6.4,0.3,7.1,3.3,6.9,2.77,1
6.6,2.9,8.2,2.0,4.3,3.14,1
8.2,2.2,5.1,4.2,4.3,3.48,2
6.9,3.8,9.1,2.5,1.7,2.88,1
6.7,1.9,6.5,3.1,5.8,2.87,1
5.8,3.9,5.5,5.6,3.2,2.88,2
8.6,1.7,8.2,1.9,3.6,3.46,2
6.5,2.3,7.5,3.5,4.2,2.8,1
5.5,3.3,5.2,4.0,6.0,2.95,2
7.4,1.2,7.6,2.3,5.5,3.03,1
7.8,0.5,10.0,2.4,3.3,3.43,1
6.8,3.3,7.3,4.3,2.3,2.83,1
5.5,3.4,8.7,1.3,5.1,2.74,0
9.9,1.0,7.3,0.2,5.6,3.32,2
7.0,2.3,9.8,2.5,2.4,3.09,1
5.2,1.3,7.9,5.7,3.9,3.04,0
9.3,0.9,6.1,1.2,6.5,3.29,2
7.5,1.9,6.3,3.0,5.3,3.4,1
5.2,0.5,9.4,4.5,4.4,2.9,0
6.8,3.0,8.9,4.0,1.3,2.49,1
8.6,0.8,6.7,2.8,5.1,3.52,2
6.6,0.6,7.0,5.9,3.9,2.83,1
6.1,2.4,7.2,0.4,7.9,3.29,1
7.6,3.5,6.4,0.5,6.0,3.12,1
9.7,1.5,7.9,3.9,1.0,3.69,2
5.7,1.2,5.7,4.9,6.5,2.66,2
6.1,2.9,9.7,2.8,2.5,2.5,1
6.6,1.9,8.0,5.9,1.6,3.41,1
9.7,3.4,9.4,0.7,0.8,3.6,2
7.0,3.8,7.1,3.6,2.5,3.11,1
8.5,3.8,6.2,4.1,1.4,2.93,2
8.9,2.2,8.3,1.5,3.1,3.37,2
7.4,2.5,7.0,1.2,5.9,3.11,1
8.7,1.6,6.8,2.4,4.5,3.42,2
7.0,2.2,7.7,3.0,4.1,3.05,1
5.8,0.5,9.7,3.6,4.4,2.65,0
8.3,1.6,9.5,2.9,1.7,3.12,2
9.8,3.3,9.3,0.3,1.3,3.73,2
6.4,1.1,6.4,5.1,5.0,2.79,1
6.2,3.2,7.8,0.0,6.8,2.8,1
7.1,1.6,5.6,4.1,5.6,3.28,2
8.6,0.0,9.8,4.6,1.0,3.48,2
9.5,0.1,9.7,3.8,0.9,3.57,2
9.7,1.8,8.0,2.1,2.4,3.82,2
9.7,0.3,7.5,4.1,2.4,3.53,2
9.5,3.8,5.3,2.2,3.2,3.7,2
5.1,1.3,7.7,5.5,4.4,2.8,0
7.7,1.1,9.5,5.3,0.4,2.99,1
7.0,3.6,6.9,4.4,2.1,2.84,1
9.6,1.8,8.7,1.4,2.5,3.43,2
5.1,0.4,7.5,4.1,6.9,3.01,0
8.5,2.8,7.5,4.8,0.4,3.06,2
7.4,1.8,6.0,1.8,7.0,3.13,1
6.2,1.2,8.9,2.0,5.7,2.85,1
6.2,0.7,8.9,0.8,7.4,3.02,1
8.4,2.5,9.1,0.2,3.8,2.65,2
6.5,1.1,5.7,1.7,9.0,3.02,2
8.3,1.5,8.6,1.9,3.7,2.86,2
6.5,2.2,5.1,0.5,9.7,3.1,2
8.6,0.4,9.2,4.2,1.6,3.27,2
8.1,3.3,7.0,1.2,4.4,3.8,2
7.7,2.3,9.7,3.9,0.4,3.3,1
9.4,3.2,9.7,0.2,1.5,3.4,2
9.2,2.0,8.7,0.6,3.5,3.03,2
6.3,2.9,5.8,2.1,6.9,2.78,2
8.5,1.5,7.8,0.6,5.6,3.02,2
9.0,1.5,8.2,3.8,1.5,3.41,2
8.1,1.7,5.9,5.7,2.6,3.17,2
8.8,0.8,6.7,4.9,2.8,3.53,2
7.2,2.9,6.9,1.3,5.7,3.23,1
8.2,3.9,6.6,2.4,2.9,3.32,2
9.2,3.0,5.3,6.0,0.5,3.77,2
8.8,3.5,8.3,2.9,0.5,3.26,2
9.4,0.8,5.4,4.7,3.7,3.25,2
9.2,0.7,9.3,3.3,1.5,3.64,2
7.1,0.8,6.4,3.0,6.7,3.08,1
7.7,3.2,9.0,2.4,1.7,3.03,1
5.3,3.5,5.4,1.5,8.3,2.91,2
8.5,1.6,9.4,1.3,3.2,2.9,2
7.7,3.5,9.6,0.9,2.3,3.39,1
7.3,2.2,9.7,4.8,0.0,3.25,1
6.9,0.0,5.0,2.8,9.3,2.85,2
7.4,0.1,8.4,1.8,6.3,2.75,1
5.8,1.6,6.2,3.2,7.2,2.98,0
6.0,2.0,5.8,4.0,6.2,2.81,2
7.3,0.3,8.0,1.6,6.8,3.15,1
7.6,2.1,9.6,2.6,2.1,2.78,1
9.7,3.1,6.4,4.1,0.7,3.76,2
7.2,3.3,9.1,0.8,3.6,2.87,1
6.5,1.2,8.6,1.4,6.3,3.18,1
5.0,2.9,5.9,0.6,9.6,2.63,2
7.4,0.2,9.9,4.3,2.2,2.84,1
6.6,1.3,7.2,3.8,5.1,2.93,1
9.3,1.0,6.9,5.2,1.6,3.32,2
8.3,1.4,8.4,0.1,5.8,3.23,2
9.1,3.8,9.6,1.4,0.1,3.71,2
7.6,1.4,7.3,4.1,3.6,3.09,1
9.6,3.3,9.9,1.1,0.1,3.5,2
6.4,0.4,5.6,1.7,9.9,3.21,2
9.5,2.5,5.0,1.1,5.9,3.52,2
5.5,1.5,7.5,0.3,9.2,2.61,0
8.2,1.9,7.5,2.6,3.8,3.13,2
9.8,0.9,7.6,4.2,1.5,3.62,2
6.9,1.9,5.4,3.7,6.1,3.05,2
6.4,0.6,7.7,3.2,6.1,3.0,1
8.1,0.8,7.3,4.3,3.5,3.12,2
7.6,1.6,6.6,3.7,4.5,3.18,1
5.4,1.8,9.5,0.6,6.7,2.9,0
9.9,3.8,5.4,4.6,0.3,3.69,2
7.1,1.8,8.2,4.6,2.3,2.98,1
5.2,2.4,5.9,2.1,8.4,2.69,2
6.7,0.4,5.7,0.2,11.0,2.58,2
7.4,3.8,5.6,5.7,1.5,3.27,2
8.2,3.3,5.5,3.0,4.0,3.5,2
8.5,2.3,9.2,0.3,3.7,3.34,2
6.9,1.4,8.1,5.3,2.3,3.42,1
7.5,3.3,7.0,0.6,5.6,2.82,1
8.6,3.0,5.3,1.3,5.8,3.06,2
6.4,2.2,5.7,0.8,8.9,2.89,2
6.8,3.2,7.6,0.8,5.6,2.78,1
8.7,1.6,6.3,2.3,5.1,2.87,2
6.2,1.6,5.1,4.6,6.5,2.92,2
5.9,0.2,8.3,4.6,5.0,2.88,0
6.0,2.9,8.5,1.5,5.1,3.17,1
9.5,0.4,9.9,3.6,0.6,3.5,2
8.6,0.8,7.2,0.4,7.0,3.32,2
6.9,3.0,6.9,2.0,5.2,3.23,1
5.2,1.5,5.8,4.2,7.3,2.83,2
5.5,2.7,6.4,1.2,8.2,2.75,0
7.4,2.0,6.6,0.8,7.2,3.1,1
6.9,2.7,8.9,2.9,2.6,2.77,1
6.4,0.6,6.2,1.3,9.5,3.04,1
7.6,2.3,9.7,0.9,3.5,3.36,1
7.8,1.0,6.3,0.2,8.7,3.27,1
6.5,3.0,5.2,1.3,8.0,3.17,2
7.3,2.8,6.9,1.0,6.0,3.24,1
7.0,2.3,9.7,0.3,4.7,2.64,1
7.5,0.1,6.6,4.9,4.9,3.14,1
7.8,1.8,6.4,1.8,6.2,3.39,1
9.8,1.8,7.0,4.6,0.8,3.39,2
7.1,2.2,6.2,4.5,4.0,3.34,1
8.9,0.9,8.6,4.5,1.1,3.36,2
6.7,0.7,5.0,2.7,8.9,3.15,2
5.9,3.4,6.3,1.4,7.0,2.48,0
7.4,2.0,6.1,1.6,6.9,3.22,1
8.9,1.8,8.6,3.5,1.2,3.17,2
5.7,3.9,9.1,1.1,4.2,2.81,0
5.7,3.0,7.3,4.7,3.3,2.82,0
8.7,2.4,8.4,0.1,4.4,3.51,2
5.0,0.1,9.3,4.1,5.5,2.47,0
6.3,2.8,9.0,1.8,4.1,2.79,1
7.5,3.1,6.1,1.6,5.7,3.07,1
6.2,4.0,6.0,3.5,4.3,2.88,1
8.2,3.0,9.9,0.5,2.4,3.3,2
8.8,1.4,5.9,2.5,5.4,3.29,2
7.7,4.0,7.0,3.3,2.0,3.44,1
6.8,1.6,8.5,5.6,1.5,3.33,1
5.4,0.8,7.5,0.1,10.2,2.86,0
6.3,2.1,5.1,1.6,8.9,3.49,2
9.6,2.6,7.1,4.4,0.3,3.54,2
8.9,0.8,5.7,4.1,4.5,3.62,2
8.7,2.5,9.9,1.5,1.4,3.36,2
5.6,3.3,6.3,4.7,4.1,2.85,0
8.0,1.8,6.8,2.1,5.3,3.23,1
8.2,3.0,8.4,0.9,3.5,3.52,2
7.4,2.1,8.9,3.7,1.9,3.1,1
7.0,3.6,5.8,6.0,1.6,2.99,2
8.6,3.2,9.3,2.9,0.0,3.38,2
6.5,2.8,5.6,2.4,6.7,2.9,2
8.0,2.0,8.2,5.6,0.2,3.4,1
5.3,2.3,9.3,2.9,4.2,2.82,0
6.7,0.6,9.2,3.1,4.4,2.85,1
9.7,3.2,8.5,0.0,2.6,3.19,2
9.6,0.7,6.4,3.1,4.2,3.38,2
6.3,0.8,8.0,0.5,8.4,2.91,1
8.6,2.2,7.1,3.4,2.7,3.18,2
6.8,3.7,5.3,4.0,4.2,3.04,2
5.9,1.2,8.6,0.5,7.8,2.92,0
9.1,2.9,8.6,0.3,3.1,3.56,2
9.2,0.2,5.1,2.2,7.3,3.61,2
5.7,2.2,9.6,2.3,4.2,2.98,0
5.5,2.4,7.3,5.6,3.2,2.77,0
5.6,0.8,5.1,2.6,9.9,2.97,2
8.0,2.5,7.7,0.5,5.3,3.12,1
7.2,4.0,9.2,3.2,0.4,2.95,1
7.4,2.7,9.4,3.4,1.1,3.04,1
9.7,0.2,5.1,4.0,5.0,3.25,2
6.7,1.1,7.6,2.6,6.0,2.83,1
7.6,2.7,6.9,1.5,5.3,3.05,1
8.7,3.0,8.3,0.9,3.1,3.1,2
7.9,2.3,7.4,3.3,3.1,3.75,1
8.6,0.4,8.7,0.8,5.5,3.22,2
5.3,3.9,9.8,0.3,4.7,2.53,0
7.4,3.3,9.8,2.2,1.3,3.06,1
6.8,2.4,6.6,5.5,2.7,3.05,1
6.6,1.2,5.2,4.9,6.1,3.2,2
7.3,1.3,7.4,4.9,3.1,2.83,1
6.9,1.3,5.9,3.6,6.3,2.94,2
7.4,3.5,5.2,3.9,4.0,3.26,2
9.4,2.9,9.6,0.7,1.4,3.57,2
7.5,0.1,5.0,1.4,10.0,3.07,2
5.9,0.1,9.5,0.0,8.5,2.79,0
8.7,0.6,9.6,4.6,0.5,3.57,2
5.0,3.9,9.4,5.1,0.6,2.98,0
8.3,1.4,9.5,1.4,3.4,3.06,2
9.6,0.6,6.1,3.3,4.4,3.47,2
8.8,2.5,6.2,0.0,6.5,3.29,2
9.5,1.6,7.6,2.5,2.8,3.7,2
7.2,3.1,7.6,1.9,4.2,2.79,1
5.7,2.6,8.4,4.5,2.8,2.94,0
7.5,3.6,9.7,2.6,0.6,2.84,1
9.9,1.1,6.0,2.7,4.3,3.68,2
5.3,3.9,7.9,3.3,3.6,2.79,0
5.2,2.4,8.6,2.5,5.3,3.21,0
8.8,0.9,6.1,1.0,7.2,3.53,2
9.1,1.5,7.9,4.0,1.5,3.29,2
6.2,0.7,9.9,3.7,3.5,2.73,1
6.3,2.0,6.6,1.0,8.1,3.09,1
6.3,0.1,8.5,3.0,6.1,2.99,1
5.5,3.0,5.1,1.5,8.9,2.66,2
9.5,2.9,5.4,4.9,1.3,3.67,2
8.0,2.7,10.0,0.8,2.5,3.2,1
8.1,1.8,5.2,0.1,8.8,3.28,2
7.8,2.2,5.2,2.8,6.0,3.0,2
9.6,1.6,8.1,3.7,1.0,3.46,2
9.3,1.6,9.4,0.9,2.8,3.69,2
6.4,0.2,9.0,2.5,5.9,2.81,1
9.5,3.3,7.8,2.1,1.3,3.28,2
7.4,1.6,9.6,0.7,4.7,2.75,1
7.5,1.8,7.6,0.8,6.3,2.93,1
7.6,1.0,5.9,0.4,9.1,3.06,2
8.1,2.9,8.4,2.2,2.4,3.52,2
6.9,1.5,8.2,3.0,4.4,2.99,1
8.2,1.2,5.1,5.3,4.2,3.19,2
6.1,3.7,8.6,4.3,1.3,2.79,1
7.6,0.7,6.5,1.9,7.3,3.0,1
5.8,0.8,8.9,1.0,7.5,2.89,0
9.9,1.3,5.6,3.4,3.8,3.43,2
9.5,3.1,8.1,1.0,2.3,3.25,2
8.4,2.9,9.8,0.8,2.1,3.28,2
5.1,2.2,8.5,4.7,3.5,2.64,0
7.6,1.3,9.3,2.7,3.1,2.98,1
9.0,2.3,8.9,1.3,2.5,3.24,2
7.7,0.9,7.4,1.9,6.1,3.31,1
6.3,3.9,5.8,4.7,3.3,2.73,2
5.2,1.6,9.7,0.1,7.4,2.95,0
7.9,2.0,9.4,0.4,4.3,3.42,1
8.3,3.8,9.1,0.1,2.7,3.48,2
7.4,1.6,6.6,2.7,5.7,2.88,1
9.9,0.4,9.6,2.0,2.1,3.09,2
8.1,3.3,6.8,2.5,3.3,2.86,2
9.6,3.3,5.5,0.6,5.0,3.19,2
7.1,0.4,8.1,0.9,7.5,3.02,1
6.6,2.7,7.4,5.9,1.4,2.99,1
9.4,1.4,5.2,5.1,2.9,3.59,2
9.5,0.9,9.5,1.3,2.8,3.24,2
9.9,1.1,9.8,0.2,3.0,3.54,2
7.4,0.9,8.5,1.1,6.1,3.48,1
7.8,1.0,9.8,0.2,5.2,3.04,1
7.1,0.9,7.5,5.2,3.3,2.92,1
8.6,2.3,5.4,4.2,3.5,3.38,2
6.3,1.7,6.8,5.2,4.0,2.84,1
5.6,2.3,5.7,4.2,6.2,2.81,2
7.4,3.7,7.6,2.6,2.7,3.29,1
7.9,2.8,5.5,4.9,2.9,3.03,2
8.9,1.5,5.5,3.8,4.3,3.31,2
9.4,3.6,9.8,1.0,0.2,3.32,2
8.0,2.4,6.8,5.4,1.4,3.42,1
7.5,1.9,10.0,2.3,2.3,3.14,1
9.1,3.1,8.9,2.1,0.8,3.1,2
6.3,3.4,9.5,0.9,3.9,2.97,1
8.2,2.2,5.3,4.5,3.8,3.43,2
7.5,2.6,7.5,3.0,3.4,3.02,1
5.8,0.8,9.9,0.9,6.6,2.71,0
6.3,2.4,8.1,0.9,6.3,3.07,1
6.2,1.2,9.7,5.0,1.9,3.06,1
8.5,0.3,7.1,3.4,4.7,3.23,2
8.0,1.3,8.9,4.9,0.9,2.93,1
6.6,3.4,5.5,5.0,3.5,2.9,2
9.5,1.5,6.4,3.0,3.6,3.86,2
7.3,1.4,8.5,4.6,2.2,3.28,1
7.0,2.7,7.4,6.0,0.9,2.85,1
8.6,3.8,9.2,2.2,0.2,3.26,2
6.3,1.5,5.1,3.1,8.0,3.21,2
7.5,2.1,9.9,4.1,0.4,3.04,1
7.1,1.4,9.0,3.1,3.4,2.85,1
7.9,3.4,9.0,0.5,3.2,3.08,1
6.5,0.2,7.4,2.1,7.8,3.32,1
6.3,2.8,8.8,1.5,4.6,2.65,1
6.2,0.0,6.2,0.8,10.8,3.14,1
8.1,0.7,7.6,3.5,4.1,3.04,2
9.0,1.7,7.3,3.1,2.9,3.58,2
